step,tokens_seen,cumulative_flops,train_loss,eval_loss
100,1638400,1.391569e+14,135.788315,71.716372
200,3276800,2.783139e+14,57.967770,40.038666
300,4915200,4.174708e+14,39.166954,35.167583
400,6553600,5.566278e+14,33.297180,31.763355
500,8192000,6.957847e+14,29.665474,28.693783
600,9830400,8.349416e+14,26.783453,25.889416
700,11468800,9.740986e+14,24.076324,23.149612
800,13107200,1.113256e+15,21.227913,20.518718
900,14745600,1.252412e+15,18.993404,18.318304
1000,16384000,1.391569e+15,16.887774,16.280926
1100,18022400,1.530726e+15,15.143664,14.605716
1200,19660800,1.669883e+15,13.800426,13.419000
1300,21299200,1.809040e+15,12.629429,12.279868
1400,22937600,1.948197e+15,11.667889,11.308842
1500,24576000,2.087354e+15,10.818980,10.590130
1600,26214400,2.226511e+15,10.137320,10.037926
1700,27852800,2.365668e+15,9.633737,9.560058
1800,29491200,2.504825e+15,9.306790,9.124328
1900,31129600,2.643982e+15,8.949306,8.794415
2000,32768000,2.783139e+15,8.663171,8.560693
2100,34406400,2.922296e+15,8.317451,8.337422
2200,36044800,3.061453e+15,8.100635,8.135567
2300,37683200,3.200610e+15,7.981842,7.999438
2400,39321600,3.339767e+15,7.824570,7.902953
2500,40960000,3.478924e+15,7.779894,7.760129
2600,42598400,3.618080e+15,7.647022,7.689053
2700,44236800,3.757237e+15,7.573692,7.630717
2800,45875200,3.896394e+15,7.504844,7.549355
2900,47513600,4.035551e+15,7.423031,7.526357
3000,49152000,4.174708e+15,7.375016,7.438466
3100,50790400,4.313865e+15,7.332540,7.406299
3200,52428800,4.453022e+15,7.259232,7.352836
3300,54067200,4.592179e+15,7.265534,7.300391
3400,55705600,4.731336e+15,7.245162,7.261414
3500,57344000,4.870493e+15,7.177494,7.253671
3600,58982400,5.009650e+15,7.209806,7.223933
3700,60620800,5.148807e+15,7.119611,7.186548
3800,62259200,5.287964e+15,7.179794,7.177637
3900,63897600,5.427121e+15,7.097587,7.138317
4000,65536000,5.566278e+15,7.086415,7.108929
4100,67174400,5.705435e+15,7.048000,7.102969
4200,68812800,5.844591e+15,7.063899,7.099249
4300,70451200,5.983748e+15,7.045189,7.089822
4400,72089600,6.122905e+15,7.011599,7.046511
4500,73728000,6.262062e+15,6.975277,7.040706
4600,75366400,6.401219e+15,6.934350,7.018303
4700,77004800,6.540376e+15,6.909920,6.995775
4800,78643200,6.679533e+15,6.918177,6.989308
4900,80281600,6.818690e+15,6.949932,6.975462
5000,81920000,6.957847e+15,6.904850,6.967443
5100,83558400,7.097004e+15,6.914319,6.960812
5200,85196800,7.236161e+15,6.855055,6.932723
5300,86835200,7.375318e+15,6.881055,6.923115
5400,88473600,7.514475e+15,6.832350,6.922824
5500,90112000,7.653632e+15,6.855959,6.892817
5600,91750400,7.792789e+15,6.835825,6.891317
5700,93388800,7.931946e+15,6.842257,6.867759
5800,95027200,8.071103e+15,6.851734,6.847233
5900,96665600,8.210259e+15,6.862554,6.872080
6000,98304000,8.349416e+15,6.752081,6.830061
6100,99942400,8.488573e+15,6.748342,6.820109
6200,101580800,8.627730e+15,6.748481,6.805739
6300,103219200,8.766887e+15,6.759757,6.795906
6400,104857600,8.906044e+15,6.726420,6.788899
6500,106496000,9.045201e+15,6.755982,6.789494
6600,108134400,9.184358e+15,6.735499,6.771562
6700,109772800,9.323515e+15,6.718478,6.763604
6800,111411200,9.462672e+15,6.691266,6.737712
6900,113049600,9.601829e+15,6.689239,6.748858
7000,114688000,9.740986e+15,6.669663,6.735019
7100,116326400,9.880143e+15,6.654851,6.728056
7200,117964800,1.001930e+16,6.643249,6.693308
7300,119603200,1.015846e+16,6.633204,6.698125
7400,121241600,1.029761e+16,6.600764,6.699083
7500,122880000,1.043677e+16,6.608251,6.714972
7600,124518400,1.057593e+16,6.627495,6.668324
7700,126156800,1.071508e+16,6.611379,6.648619
7800,127795200,1.085424e+16,6.589620,6.648783
7900,129433600,1.099340e+16,6.601878,6.631042
8000,131072000,1.113256e+16,6.594480,6.637421
8100,132710400,1.127171e+16,6.535607,6.610641
8200,134348800,1.141087e+16,6.571064,6.605238
8300,135987200,1.155003e+16,6.531722,6.614167
8400,137625600,1.168918e+16,6.564174,6.586829
8500,139264000,1.182834e+16,6.458971,6.589096
8600,140902400,1.196750e+16,6.572378,6.569859
8700,142540800,1.210665e+16,6.523742,6.568704
8800,144179200,1.224581e+16,6.511991,6.555901
8900,145817600,1.238497e+16,6.471507,6.534099
9000,147456000,1.252412e+16,6.489882,6.529620
9100,149094400,1.266328e+16,6.471986,6.535558
9200,150732800,1.280244e+16,6.489674,6.539865
9300,152371200,1.294160e+16,6.432892,6.528927
9400,154009600,1.308075e+16,6.458308,6.506846
9500,155648000,1.321991e+16,6.476159,6.490091
9600,157286400,1.335907e+16,6.466066,6.483730
9700,158924800,1.349822e+16,6.447031,6.478303
9800,160563200,1.363738e+16,6.414481,6.452758
9900,162201600,1.377654e+16,6.403447,6.463819
10000,163840000,1.391569e+16,6.421013,6.462719
10100,165478400,1.405485e+16,6.425825,6.441913
10200,167116800,1.419401e+16,6.362591,6.447500
10300,168755200,1.433316e+16,6.360717,6.424931
10400,170393600,1.447232e+16,6.370584,6.419291
10500,172032000,1.461148e+16,6.373157,6.417699
10600,173670400,1.475064e+16,6.383194,6.405753
10700,175308800,1.488979e+16,6.363673,6.407935
10800,176947200,1.502895e+16,6.325817,6.397869
10900,178585600,1.516811e+16,6.385597,6.377753
11000,180224000,1.530726e+16,6.334651,6.384495
11100,181862400,1.544642e+16,6.306007,6.367706
11200,183500800,1.558558e+16,6.353988,6.357819
11300,185139200,1.572473e+16,6.299931,6.370014
11400,186777600,1.586389e+16,6.232836,6.358969
11500,188416000,1.600305e+16,6.260120,6.342926
11600,190054400,1.614221e+16,6.294766,6.335099
11700,191692800,1.628136e+16,6.271232,6.321750
11800,193331200,1.642052e+16,6.232300,6.310211
11900,194969600,1.655968e+16,6.279731,6.318612
12000,196608000,1.669883e+16,6.280520,6.299077
12100,198246400,1.683799e+16,6.177098,6.305041
12200,199884800,1.697715e+16,6.282285,6.296793
12300,201523200,1.711630e+16,6.229822,6.283995
12400,203161600,1.725546e+16,6.263175,6.266063
12500,204800000,1.739462e+16,6.230823,6.270608
12600,206438400,1.753377e+16,6.205770,6.258229
12700,208076800,1.767293e+16,6.220852,6.264968
12800,209715200,1.781209e+16,6.207243,6.258004
12900,211353600,1.795125e+16,6.183443,6.249735
13000,212992000,1.809040e+16,6.186584,6.239957
13100,214630400,1.822956e+16,6.180070,6.235280
13200,216268800,1.836872e+16,6.207699,6.237770
13300,217907200,1.850787e+16,6.173367,6.228323
13400,219545600,1.864703e+16,6.214159,6.216531
13500,221184000,1.878619e+16,6.215839,6.214377
13600,222822400,1.892534e+16,6.244027,6.231332
13700,224460800,1.906450e+16,6.175583,6.190689
13800,226099200,1.920366e+16,6.149486,6.197675
13900,227737600,1.934281e+16,6.175866,6.199419
14000,229376000,1.948197e+16,6.156011,6.181300
14100,231014400,1.962113e+16,6.108239,6.174895
14200,232652800,1.976029e+16,6.152222,6.173420
14300,234291200,1.989944e+16,6.120449,6.177487
14400,235929600,2.003860e+16,6.141664,6.167321
14500,237568000,2.017776e+16,6.099935,6.151569
14600,239206400,2.031691e+16,6.094947,6.143410
14700,240844800,2.045607e+16,6.094893,6.136355
14800,242483200,2.059523e+16,6.088701,6.132816
14900,244121600,2.073438e+16,6.105562,6.140462
15000,245760000,2.087354e+16,6.103330,6.130339
15100,247398400,2.101270e+16,6.064904,6.122776
15200,249036800,2.115185e+16,6.094357,6.111077
15300,250675200,2.129101e+16,6.097184,6.108793
15400,252313600,2.143017e+16,6.166346,6.107998
15500,253952000,2.156933e+16,6.059514,6.103538
15600,255590400,2.170848e+16,6.066061,6.087620
15700,257228800,2.184764e+16,6.048682,6.094617
15800,258867200,2.198680e+16,6.058648,6.078045
15900,260505600,2.212595e+16,6.049549,6.082139
16000,262144000,2.226511e+16,6.042773,6.070506
16100,263782400,2.240427e+16,6.013293,6.074565
16200,265420800,2.254342e+16,6.001395,6.070629
16300,267059200,2.268258e+16,6.077601,6.053662
16400,268697600,2.282174e+16,6.072330,6.080514
16500,270336000,2.296090e+16,6.063660,6.048478
16600,271974400,2.310005e+16,5.980455,6.046258
16700,273612800,2.323921e+16,6.122868,6.040798
16800,275251200,2.337837e+16,5.992518,6.037972
16900,276889600,2.351752e+16,6.017074,6.015240
17000,278528000,2.365668e+16,5.937315,6.025860
17100,280166400,2.379584e+16,5.878408,6.017126
17200,281804800,2.393499e+16,5.954589,6.007599
17300,283443200,2.407415e+16,5.959423,6.007912
17400,285081600,2.421331e+16,5.968945,6.011409
17500,286720000,2.435246e+16,5.976212,5.996843
17600,288358400,2.449162e+16,5.978981,5.981895
17700,289996800,2.463078e+16,5.961053,5.977534
17800,291635200,2.476994e+16,5.962596,5.974990
17900,293273600,2.490909e+16,5.954719,5.979184
18000,294912000,2.504825e+16,5.921397,5.970406
18100,296550400,2.518741e+16,5.955588,5.965939
18200,298188800,2.532656e+16,5.940768,5.976579
18300,299827200,2.546572e+16,5.925136,5.963747
18400,301465600,2.560488e+16,5.960909,5.962160
18500,303104000,2.574403e+16,5.923593,5.941835
18600,304742400,2.588319e+16,5.888423,5.945653
18700,306380800,2.602235e+16,5.939373,5.944357
18800,308019200,2.616150e+16,5.913051,5.936064
18900,309657600,2.630066e+16,5.924709,5.925747
19000,311296000,2.643982e+16,5.895999,5.920231
19100,312934400,2.657898e+16,5.859416,5.924863
19200,314572800,2.671813e+16,5.936194,5.905378
19300,316211200,2.685729e+16,5.900558,5.907593
19400,317849600,2.699645e+16,5.825059,5.897777
19500,319488000,2.713560e+16,5.808566,5.896479
19600,321126400,2.727476e+16,5.842716,5.885447
19700,322764800,2.741392e+16,5.855450,5.891216
19800,324403200,2.755307e+16,5.860666,5.877903
19900,326041600,2.769223e+16,5.852952,5.876749
20000,327680000,2.783139e+16,5.860803,5.873286
20100,329318400,2.797055e+16,5.831510,5.861176
20200,330956800,2.810970e+16,5.872326,5.861411
20300,332595200,2.824886e+16,5.848306,5.862879
20400,334233600,2.838802e+16,5.886033,5.848692
20500,335872000,2.852717e+16,5.820812,5.850828
20600,337510400,2.866633e+16,5.790870,5.849384
20700,339148800,2.880549e+16,5.766016,5.836990
20800,340787200,2.894464e+16,5.828315,5.826593
20900,342425600,2.908380e+16,5.804162,5.824738
21000,344064000,2.922296e+16,5.776378,5.826712
21100,345702400,2.936211e+16,5.851682,5.824533
21200,347340800,2.950127e+16,5.766267,5.810155
21300,348979200,2.964043e+16,5.796868,5.805125
21400,350617600,2.977959e+16,5.769752,5.807816
21500,352256000,2.991874e+16,5.768844,5.792967
21600,353894400,3.005790e+16,5.760681,5.801767
21700,355532800,3.019706e+16,5.750262,5.786400
21800,357171200,3.033621e+16,5.748534,5.786085
21900,358809600,3.047537e+16,5.796425,5.778062
22000,360448000,3.061453e+16,5.781825,5.781574
22100,362086400,3.075368e+16,5.751185,5.777616
22200,363724800,3.089284e+16,5.759830,5.765550
22300,365363200,3.103200e+16,5.731890,5.755092
22400,367001600,3.117115e+16,5.749585,5.770675
22500,368640000,3.131031e+16,5.748857,5.752984
22600,370278400,3.144947e+16,5.757639,5.760502
22700,371916800,3.158863e+16,5.715380,5.744755
22800,373555200,3.172778e+16,5.698078,5.732675
22900,375193600,3.186694e+16,5.720421,5.738322
23000,376832000,3.200610e+16,5.688282,5.739805
23100,378470400,3.214525e+16,5.691384,5.732821
23200,380108800,3.228441e+16,5.659049,5.721538
23300,381747200,3.242357e+16,5.714511,5.716634
23400,383385600,3.256272e+16,5.718009,5.715402
23500,385024000,3.270188e+16,5.672662,5.723711
23600,386662400,3.284104e+16,5.681458,5.713947
23700,388300800,3.298019e+16,5.702616,5.700503
23800,389939200,3.311935e+16,5.720490,5.701778
23900,391577600,3.325851e+16,5.664438,5.698156
24000,393216000,3.339767e+16,5.680087,5.691180
24100,394854400,3.353682e+16,5.680936,5.680861
24200,396492800,3.367598e+16,5.699143,5.680352
24300,398131200,3.381514e+16,5.669453,5.678261
24400,399769600,3.395429e+16,5.639251,5.668391
24500,401408000,3.409345e+16,5.677074,5.666368
24600,403046400,3.423261e+16,5.682068,5.669226
24700,404684800,3.437176e+16,5.656399,5.664591
24800,406323200,3.451092e+16,5.676063,5.655349
24900,407961600,3.465008e+16,5.669359,5.653735
25000,409600000,3.478924e+16,5.626955,5.639936
25100,411238400,3.492839e+16,5.634158,5.640189
25200,412876800,3.506755e+16,5.620605,5.641217
25300,414515200,3.520671e+16,5.637067,5.635405
25400,416153600,3.534586e+16,5.552304,5.642328
25500,417792000,3.548502e+16,5.587307,5.629682
25600,419430400,3.562418e+16,5.597360,5.624695
25700,421068800,3.576333e+16,5.613472,5.624351
25800,422707200,3.590249e+16,5.653471,5.619185
25900,424345600,3.604165e+16,5.639035,5.618038
26000,425984000,3.618080e+16,5.607304,5.608185
26100,427622400,3.631996e+16,5.586553,5.601699
26200,429260800,3.645912e+16,5.566778,5.597394
26300,430899200,3.659828e+16,5.579347,5.593507
26400,432537600,3.673743e+16,5.573946,5.592325
26500,434176000,3.687659e+16,5.580842,5.584313
26600,435814400,3.701575e+16,5.603489,5.581265
26700,437452800,3.715490e+16,5.595684,5.593450
26800,439091200,3.729406e+16,5.593060,5.580222
26900,440729600,3.743322e+16,5.545227,5.576558
27000,442368000,3.757237e+16,5.575762,5.568301
27100,444006400,3.771153e+16,5.596017,5.565224
27200,445644800,3.785069e+16,5.617651,5.561776
27300,447283200,3.798984e+16,5.566546,5.558858
27400,448921600,3.812900e+16,5.533236,5.551100
27500,450560000,3.826816e+16,5.565297,5.550091
27600,452198400,3.840732e+16,5.538254,5.552398
27700,453836800,3.854647e+16,5.575827,5.544166
27800,455475200,3.868563e+16,5.553304,5.535070
27900,457113600,3.882479e+16,5.546910,5.535439
28000,458752000,3.896394e+16,5.577252,5.538444
28100,460390400,3.910310e+16,5.516158,5.526572
28200,462028800,3.924226e+16,5.509723,5.525735
28300,463667200,3.938141e+16,5.533880,5.522719
28400,465305600,3.952057e+16,5.513806,5.531163
28500,466944000,3.965973e+16,5.464208,5.519544
28600,468582400,3.979888e+16,5.458264,5.524961
28700,470220800,3.993804e+16,5.508344,5.509281
28800,471859200,4.007720e+16,5.479418,5.516421
28900,473497600,4.021636e+16,5.473580,5.503654
29000,475136000,4.035551e+16,5.517647,5.495595
29100,476774400,4.049467e+16,5.495120,5.494449
29200,478412800,4.063383e+16,5.508629,5.486758
29300,480051200,4.077298e+16,5.463734,5.486072
29400,481689600,4.091214e+16,5.490113,5.487297
29500,483328000,4.105130e+16,5.543615,5.481744
29600,484966400,4.119045e+16,5.521496,5.476529
29700,486604800,4.132961e+16,5.496361,5.478173
29800,488243200,4.146877e+16,5.470351,5.472825
29900,489881600,4.160793e+16,5.436638,5.478411
30000,491520000,4.174708e+16,5.424587,5.471370
30100,493158400,4.188624e+16,5.509922,5.452195
30200,494796800,4.202540e+16,5.445963,5.458865
30300,496435200,4.216455e+16,5.497225,5.461435
30400,498073600,4.230371e+16,5.485032,5.452567
30500,499712000,4.244287e+16,5.516237,5.459892
30600,501350400,4.258202e+16,5.472338,5.447990
30700,502988800,4.272118e+16,5.488306,5.455449
30800,504627200,4.286034e+16,5.455882,5.438827
30900,506265600,4.299949e+16,5.445250,5.436761
31000,507904000,4.313865e+16,5.432427,5.434483
31100,509542400,4.327781e+16,5.432417,5.430890
31200,511180800,4.341697e+16,5.444913,5.431875
31300,512819200,4.355612e+16,5.442687,5.423420
31400,514457600,4.369528e+16,5.448836,5.427863
31500,516096000,4.383444e+16,5.473642,5.423515
31600,517734400,4.397359e+16,5.479545,5.415493
31700,519372800,4.411275e+16,5.454187,5.406828
31800,521011200,4.425191e+16,5.397179,5.405044
31900,522649600,4.439106e+16,5.400455,5.403964
32000,524288000,4.453022e+16,5.400813,5.404752
32100,525926400,4.466938e+16,5.361543,5.402856
32200,527564800,4.480853e+16,5.418320,5.400553
32300,529203200,4.494769e+16,5.347651,5.391051
32400,530841600,4.508685e+16,5.366764,5.391983
32500,532480000,4.522601e+16,5.417389,5.394700
32600,534118400,4.536516e+16,5.420696,5.388876
32700,535756800,4.550432e+16,5.427299,5.386453
32800,537395200,4.564348e+16,5.402362,5.377441
32900,539033600,4.578263e+16,5.369591,5.378514
33000,540672000,4.592179e+16,5.351593,5.376874
33100,542310400,4.606095e+16,5.430022,5.371581
33200,543948800,4.620010e+16,5.389747,5.362673
33300,545587200,4.633926e+16,5.356194,5.367463
33400,547225600,4.647842e+16,5.406191,5.358468
33500,548864000,4.661758e+16,5.391043,5.362503
33600,550502400,4.675673e+16,5.360708,5.351021
33700,552140800,4.689589e+16,5.372814,5.350275
33800,553779200,4.703505e+16,5.378081,5.343307
33900,555417600,4.717420e+16,5.331660,5.349352
34000,557056000,4.731336e+16,5.371563,5.340864
34100,558694400,4.745252e+16,5.301036,5.336413
34200,560332800,4.759167e+16,5.353168,5.330742
34300,561971200,4.773083e+16,5.334963,5.331229
34400,563609600,4.786999e+16,5.373614,5.339480
34500,565248000,4.800914e+16,5.338833,5.330405
34600,566886400,4.814830e+16,5.302453,5.324570
34700,568524800,4.828746e+16,5.312202,5.320341
34800,570163200,4.842662e+16,5.332528,5.321609
34900,571801600,4.856577e+16,5.421243,5.326196
35000,573440000,4.870493e+16,5.370376,5.327378
35100,575078400,4.884409e+16,5.332783,5.314210
35200,576716800,4.898324e+16,5.340144,5.309818
35300,578355200,4.912240e+16,5.386946,5.311064
35400,579993600,4.926156e+16,5.302846,5.307831
35500,581632000,4.940071e+16,5.263610,5.297021
35600,583270400,4.953987e+16,5.278481,5.300624
35700,584908800,4.967903e+16,5.361397,5.298060
35800,586547200,4.981818e+16,5.313130,5.293442
35900,588185600,4.995734e+16,5.282837,5.289596
36000,589824000,5.009650e+16,5.349999,5.289062
36100,591462400,5.023566e+16,5.319249,5.290958
36200,593100800,5.037481e+16,5.344250,5.283997
36300,594739200,5.051397e+16,5.296396,5.280531
36400,596377600,5.065313e+16,5.274384,5.282436
36500,598016000,5.079228e+16,5.306829,5.285365
36600,599654400,5.093144e+16,5.328279,5.282124
36700,601292800,5.107060e+16,5.306087,5.276671
36800,602931200,5.120975e+16,5.276625,5.266265
36900,604569600,5.134891e+16,5.244304,5.273205
37000,606208000,5.148807e+16,5.277699,5.263032
37100,607846400,5.162722e+16,5.263252,5.261792
37200,609484800,5.176638e+16,5.301525,5.252245
37300,611123200,5.190554e+16,5.281835,5.252905
37400,612761600,5.204470e+16,5.288942,5.249594
37500,614400000,5.218385e+16,5.240910,5.240445
37600,616038400,5.232301e+16,5.217512,5.236976
37700,617676800,5.246217e+16,5.288404,5.240326
37800,619315200,5.260132e+16,5.261284,5.235668
37900,620953600,5.274048e+16,5.262680,5.234811
38000,622592000,5.287964e+16,5.241060,5.231074
38100,624230400,5.301879e+16,5.221394,5.232965
38200,625868800,5.315795e+16,5.288871,5.232574
38300,627507200,5.329711e+16,5.240891,5.226827
38400,629145600,5.343627e+16,5.226965,5.217457
38500,630784000,5.357542e+16,5.245370,5.222380
38600,632422400,5.371458e+16,5.217574,5.212136
38700,634060800,5.385374e+16,5.192249,5.216961
38800,635699200,5.399289e+16,5.259634,5.223146
38900,637337600,5.413205e+16,5.246273,5.205615
39000,638976000,5.427121e+16,5.210316,5.208531
39100,640614400,5.441036e+16,5.234519,5.212095
39200,642252800,5.454952e+16,5.235503,5.208153
39300,643891200,5.468868e+16,5.250545,5.205876
39400,645529600,5.482783e+16,5.231566,5.201935
39500,647168000,5.496699e+16,5.207805,5.202853
39600,648806400,5.510615e+16,5.201194,5.192874
39700,650444800,5.524531e+16,5.208691,5.188954
39800,652083200,5.538446e+16,5.178579,5.190770
39900,653721600,5.552362e+16,5.188156,5.190662
40000,655360000,5.566278e+16,5.203138,5.185898
40100,656998400,5.580193e+16,5.227812,5.185984
40200,658636800,5.594109e+16,5.160475,5.179080
40300,660275200,5.608025e+16,5.199601,5.174315
40400,661913600,5.621940e+16,5.221385,5.178737
40500,663552000,5.635856e+16,5.198241,5.173231
40600,665190400,5.649772e+16,5.201303,5.170145
40700,666828800,5.663687e+16,5.202466,5.174944
40800,668467200,5.677603e+16,5.170736,5.176037
40900,670105600,5.691519e+16,5.203906,5.174398
41000,671744000,5.705435e+16,5.133384,5.168713
41100,673382400,5.719350e+16,5.208170,5.162984
41200,675020800,5.733266e+16,5.196430,5.164839
41300,676659200,5.747182e+16,5.228105,5.159240
41400,678297600,5.761097e+16,5.226301,5.161335
41500,679936000,5.775013e+16,5.174581,5.153708
41600,681574400,5.788929e+16,5.176613,5.146309
41700,683212800,5.802844e+16,5.159115,5.141898
41800,684851200,5.816760e+16,5.169246,5.149834
41900,686489600,5.830676e+16,5.184443,5.152316
42000,688128000,5.844591e+16,5.122987,5.140642
42100,689766400,5.858507e+16,5.170136,5.140417
42200,691404800,5.872423e+16,5.171371,5.140916
42300,693043200,5.886339e+16,5.143115,5.140535
42400,694681600,5.900254e+16,5.157343,5.139181
42500,696320000,5.914170e+16,5.180218,5.137635
42600,697958400,5.928086e+16,5.155696,5.136056
42700,699596800,5.942001e+16,5.207760,5.134534
42800,701235200,5.955917e+16,5.132600,5.125470
42900,702873600,5.969833e+16,5.167698,5.126195
43000,704512000,5.983748e+16,5.210859,5.127996
43100,706150400,5.997664e+16,5.133578,5.120785
43200,707788800,6.011580e+16,5.124990,5.114698
43300,709427200,6.025496e+16,5.143528,5.109663
43400,711065600,6.039411e+16,5.115407,5.110876
43500,712704000,6.053327e+16,5.135162,5.111587
43600,714342400,6.067243e+16,5.117688,5.107055
43700,715980800,6.081158e+16,5.144882,5.109678
43800,717619200,6.095074e+16,5.116197,5.109617
43900,719257600,6.108990e+16,5.094974,5.101458
44000,720896000,6.122905e+16,5.107962,5.094893
44100,722534400,6.136821e+16,5.142677,5.098499
44200,724172800,6.150737e+16,5.186879,5.093217
44300,725811200,6.164652e+16,5.081698,5.094916
44400,727449600,6.178568e+16,5.122101,5.094190
44500,729088000,6.192484e+16,5.098216,5.089586
44600,730726400,6.206400e+16,5.063342,5.094089
44700,732364800,6.220315e+16,5.096452,5.088723
44800,734003200,6.234231e+16,5.127621,5.086878
44900,735641600,6.248147e+16,5.127626,5.083302
45000,737280000,6.262062e+16,5.157055,5.080085
45100,738918400,6.275978e+16,5.101783,5.078248
45200,740556800,6.289894e+16,5.117145,5.082652
45300,742195200,6.303809e+16,5.091889,5.080248
45400,743833600,6.317725e+16,5.136872,5.072150
45500,745472000,6.331641e+16,5.131649,5.073043
45600,747110400,6.345556e+16,5.061550,5.062585
45700,748748800,6.359472e+16,5.063207,5.072684
45800,750387200,6.373388e+16,5.076871,5.066225
45900,752025600,6.387304e+16,5.093743,5.060831
46000,753664000,6.401219e+16,5.063392,5.063251
46100,755302400,6.415135e+16,5.085431,5.056135
46200,756940800,6.429051e+16,5.085090,5.059007
46300,758579200,6.442966e+16,5.078141,5.058584
46400,760217600,6.456882e+16,5.082916,5.054052
46500,761856000,6.470798e+16,5.027705,5.054535
46600,763494400,6.484713e+16,5.047127,5.047520
46700,765132800,6.498629e+16,5.038367,5.048092
46800,766771200,6.512545e+16,5.107143,5.047996
46900,768409600,6.526461e+16,5.065765,5.044412
47000,770048000,6.540376e+16,5.069609,5.043247
47100,771686400,6.554292e+16,5.080975,5.045722
47200,773324800,6.568208e+16,5.052184,5.043122
47300,774963200,6.582123e+16,5.055433,5.040630
47400,776601600,6.596039e+16,5.076344,5.036801
47500,778240000,6.609955e+16,5.063310,5.032687
47600,779878400,6.623870e+16,5.068431,5.033718
47700,781516800,6.637786e+16,5.042320,5.034691
47800,783155200,6.651702e+16,5.053318,5.031306
47900,784793600,6.665617e+16,5.048386,5.031473
48000,786432000,6.679533e+16,5.014232,5.029569
48100,788070400,6.693449e+16,5.041052,5.032833
48200,789708800,6.707365e+16,5.053950,5.024246
48300,791347200,6.721280e+16,5.061075,5.023838
48400,792985600,6.735196e+16,5.027667,5.019985
48500,794624000,6.749112e+16,5.062524,5.020098
48600,796262400,6.763027e+16,5.065691,5.024340
48700,797900800,6.776943e+16,5.063699,5.017755
48800,799539200,6.790859e+16,4.997185,5.018824
48900,801177600,6.804774e+16,5.058159,5.007922
49000,802816000,6.818690e+16,5.063894,5.006788
49100,804454400,6.832606e+16,5.013774,5.004183
49200,806092800,6.846521e+16,5.036212,5.003257
49300,807731200,6.860437e+16,5.023696,5.000980
49400,809369600,6.874353e+16,5.072373,5.002930
49500,811008000,6.888269e+16,5.029092,4.997755
49600,812646400,6.902184e+16,5.011446,5.001227
49700,814284800,6.916100e+16,5.037727,4.993220
49800,815923200,6.930016e+16,5.082178,4.997703
49900,817561600,6.943931e+16,5.074564,4.993652
50000,819200000,6.957847e+16,5.018760,4.991914
50100,820838400,6.971763e+16,5.050944,4.990308
50200,822476800,6.985678e+16,5.061662,4.992828
50300,824115200,6.999594e+16,4.996525,4.992719
50400,825753600,7.013510e+16,5.034199,4.984354
50500,827392000,7.027425e+16,5.018799,4.991036
50600,829030400,7.041341e+16,5.010613,4.980408
50700,830668800,7.055257e+16,4.998662,4.983505
50800,832307200,7.069173e+16,5.019650,4.981794
50900,833945600,7.083088e+16,4.993802,4.980862
51000,835584000,7.097004e+16,4.957011,4.976269
51100,837222400,7.110920e+16,5.039581,4.974734
51200,838860800,7.124835e+16,5.009756,4.971185
51300,840499200,7.138751e+16,4.985362,4.967701
51400,842137600,7.152667e+16,5.018463,4.963698
51500,843776000,7.166582e+16,4.962411,4.963683
51600,845414400,7.180498e+16,5.039372,4.960782
51700,847052800,7.194414e+16,4.956496,4.959698
51800,848691200,7.208330e+16,5.015452,4.962495
51900,850329600,7.222245e+16,4.991931,4.958742
52000,851968000,7.236161e+16,4.986740,4.961972
52100,853606400,7.250077e+16,4.938582,4.952254
52200,855244800,7.263992e+16,4.968576,4.951361
52300,856883200,7.277908e+16,4.955425,4.951209
52400,858521600,7.291824e+16,4.964231,4.946053
52500,860160000,7.305739e+16,4.946924,4.942154
52600,861798400,7.319655e+16,4.961991,4.941013
52700,863436800,7.333571e+16,4.966400,4.939217
52800,865075200,7.347486e+16,5.007877,4.935035
52900,866713600,7.361402e+16,4.967271,4.936090
53000,868352000,7.375318e+16,4.944067,4.935367
53100,869990400,7.389234e+16,4.957876,4.938428
53200,871628800,7.403149e+16,4.904601,4.932513
53300,873267200,7.417065e+16,4.960486,4.929444
53400,874905600,7.430981e+16,4.939187,4.927741
53500,876544000,7.444896e+16,4.927056,4.923679
53600,878182400,7.458812e+16,4.998455,4.933115
53700,879820800,7.472728e+16,4.930312,4.921332
53800,881459200,7.486643e+16,4.931763,4.925400
53900,883097600,7.500559e+16,4.969481,4.920905
54000,884736000,7.514475e+16,4.924468,4.923738
54100,886374400,7.528390e+16,4.906276,4.913428
54200,888012800,7.542306e+16,4.932100,4.917181
54300,889651200,7.556222e+16,4.928399,4.910309
54400,891289600,7.570138e+16,4.946345,4.913808
54500,892928000,7.584053e+16,4.952047,4.908787
54600,894566400,7.597969e+16,4.954780,4.910631
54700,896204800,7.611885e+16,4.935912,4.910494
54800,897843200,7.625800e+16,4.949305,4.908722
54900,899481600,7.639716e+16,4.952937,4.900517
55000,901120000,7.653632e+16,4.924794,4.906652
55100,902758400,7.667547e+16,4.960933,4.901510
55200,904396800,7.681463e+16,4.906765,4.900349
55300,906035200,7.695379e+16,4.942591,4.899262
55400,907673600,7.709294e+16,4.936692,4.894496
55500,909312000,7.723210e+16,4.930063,4.894429
55600,910950400,7.737126e+16,4.944754,4.897070
55700,912588800,7.751042e+16,4.942801,4.895517
55800,914227200,7.764957e+16,4.924233,4.895958
55900,915865600,7.778873e+16,4.918728,4.891657
56000,917504000,7.792789e+16,4.929073,4.886515
56100,919142400,7.806704e+16,4.890923,4.888853
56200,920780800,7.820620e+16,4.865671,4.880072
56300,922419200,7.834536e+16,4.907620,4.882385
56400,924057600,7.848451e+16,4.918750,4.884414
56500,925696000,7.862367e+16,4.889145,4.881188
56600,927334400,7.876283e+16,4.904303,4.879194
56700,928972800,7.890199e+16,4.888276,4.875867
56800,930611200,7.904114e+16,4.900161,4.874857
56900,932249600,7.918030e+16,4.897631,4.870193
57000,933888000,7.931946e+16,4.854587,4.874021
57100,935526400,7.945861e+16,4.927676,4.877606
57200,937164800,7.959777e+16,4.862161,4.871608
57300,938803200,7.973693e+16,4.898634,4.872977
57400,940441600,7.987608e+16,4.952067,4.873367
57500,942080000,8.001524e+16,4.921613,4.867447
57600,943718400,8.015440e+16,4.936578,4.876305
57700,945356800,8.029355e+16,4.889399,4.868139
57800,946995200,8.043271e+16,4.957573,4.866299
57900,948633600,8.057187e+16,4.874969,4.865756
58000,950272000,8.071103e+16,4.892613,4.858124
58100,951910400,8.085018e+16,4.875489,4.857980
58200,953548800,8.098934e+16,4.878435,4.857295
58300,955187200,8.112850e+16,4.884324,4.854679
58400,956825600,8.126765e+16,4.905551,4.854823
58500,958464000,8.140681e+16,4.880275,4.849021
58600,960102400,8.154597e+16,4.870966,4.843494
58700,961740800,8.168512e+16,4.835451,4.849217
58800,963379200,8.182428e+16,4.882102,4.846989
58900,965017600,8.196344e+16,4.879067,4.844822
59000,966656000,8.210259e+16,4.883945,4.847508
59100,968294400,8.224175e+16,4.884729,4.845691
59200,969932800,8.238091e+16,4.858059,4.844854
59300,971571200,8.252007e+16,5.002317,4.849116
59400,973209600,8.265922e+16,4.925941,4.838820
59500,974848000,8.279838e+16,4.861498,4.839884
59600,976486400,8.293754e+16,4.845668,4.835391
59700,978124800,8.307669e+16,4.883060,4.831367
59800,979763200,8.321585e+16,4.816263,4.833558
59900,981401600,8.335501e+16,4.843910,4.830421
60000,983040000,8.349416e+16,4.869883,4.831217
60100,984678400,8.363332e+16,4.863193,4.828288
60200,986316800,8.377248e+16,4.854992,4.828552
60300,987955200,8.391164e+16,4.857711,4.826504
60400,989593600,8.405079e+16,4.831571,4.826588
60500,991232000,8.418995e+16,4.991348,4.829827
60600,992870400,8.432911e+16,4.854743,4.822754
60700,994508800,8.446826e+16,4.842838,4.820136
60800,996147200,8.460742e+16,4.870566,4.819727
60900,997785600,8.474658e+16,4.798931,4.821344
61000,999424000,8.488573e+16,4.848267,4.820227
61100,1001062400,8.502489e+16,4.850931,4.815587
61200,1002700800,8.516405e+16,4.866971,4.817996
61300,1004339200,8.530320e+16,4.870033,4.812390
61400,1005977600,8.544236e+16,4.837407,4.811590
61500,1007616000,8.558152e+16,4.843886,4.817743
61600,1009254400,8.572068e+16,4.808980,4.813947
61700,1010892800,8.585983e+16,4.854796,4.814662
61800,1012531200,8.599899e+16,4.907095,4.814139
61900,1014169600,8.613815e+16,4.823401,4.810089
62000,1015808000,8.627730e+16,4.848561,4.807582
62100,1017446400,8.641646e+16,4.845647,4.805214
62200,1019084800,8.655562e+16,4.827802,4.807345
62300,1020723200,8.669477e+16,4.847853,4.805408
62400,1022361600,8.683393e+16,4.849005,4.799614
62500,1024000000,8.697309e+16,5.005214,4.808930
62600,1025638400,8.711224e+16,4.869750,4.800951
62700,1027276800,8.725140e+16,4.825397,4.800885
62800,1028915200,8.739056e+16,4.868402,4.799451
62900,1030553600,8.752972e+16,4.831910,4.795386
63000,1032192000,8.766887e+16,4.851762,4.795746
63100,1033830400,8.780803e+16,4.844982,4.793533
63200,1035468800,8.794719e+16,4.843801,4.787825
63300,1037107200,8.808634e+16,4.849352,4.791564
63400,1038745600,8.822550e+16,4.868892,4.790782
63500,1040384000,8.836466e+16,4.846211,4.785528
63600,1042022400,8.850381e+16,4.843744,4.788083
63700,1043660800,8.864297e+16,4.838467,4.785124
63800,1045299200,8.878213e+16,4.827590,4.784820
63900,1046937600,8.892128e+16,4.853583,4.790896
64000,1048576000,8.906044e+16,4.837663,4.782961
64100,1050214400,8.919960e+16,4.843086,4.783658
64200,1051852800,8.933876e+16,4.799381,4.781211
64300,1053491200,8.947791e+16,4.840112,4.777011
64400,1055129600,8.961707e+16,4.804351,4.780698
64500,1056768000,8.975623e+16,4.807154,4.775961
64600,1058406400,8.989538e+16,4.813143,4.777834
64700,1060044800,9.003454e+16,4.798442,4.773161
64800,1061683200,9.017370e+16,4.802462,4.771942
64900,1063321600,9.031285e+16,4.788219,4.773462
65000,1064960000,9.045201e+16,4.825567,4.770924
65100,1066598400,9.059117e+16,4.768182,4.770843
65200,1068236800,9.073033e+16,4.789193,4.769532
65300,1069875200,9.086948e+16,4.791749,4.766181
65400,1071513600,9.100864e+16,4.810544,4.767624
65500,1073152000,9.114780e+16,4.794119,4.770843
65600,1074790400,9.128695e+16,4.804721,4.764901
65700,1076428800,9.142611e+16,4.794420,4.765451
65800,1078067200,9.156527e+16,4.806709,4.765718
65900,1079705600,9.170442e+16,4.783926,4.760113
66000,1081344000,9.184358e+16,4.826987,4.762501
66100,1082982400,9.198274e+16,4.824800,4.762527
66200,1084620800,9.212189e+16,4.811613,4.758814
66300,1086259200,9.226105e+16,4.838145,4.759161
66400,1087897600,9.240021e+16,4.782597,4.759903
66500,1089536000,9.253937e+16,4.748645,4.755590
66600,1091174400,9.267852e+16,4.801828,4.755795
66700,1092812800,9.281768e+16,4.794694,4.750928
66800,1094451200,9.295684e+16,4.801867,4.754733
66900,1096089600,9.309599e+16,4.797137,4.748803
67000,1097728000,9.323515e+16,4.758391,4.752545
67100,1099366400,9.337431e+16,4.775551,4.750519
67200,1101004800,9.351346e+16,4.767927,4.746165
67300,1102643200,9.365262e+16,4.833627,4.746753
67400,1104281600,9.379178e+16,4.787236,4.739993
67500,1105920000,9.393093e+16,4.881069,4.745526
67600,1107558400,9.407009e+16,4.774366,4.742733
67700,1109196800,9.420925e+16,4.763477,4.743325
67800,1110835200,9.434841e+16,4.750593,4.742482
67900,1112473600,9.448756e+16,4.802817,4.742831
68000,1114112000,9.462672e+16,4.766045,4.741974
68100,1115750400,9.476588e+16,4.855099,4.740919
68200,1117388800,9.490503e+16,4.818189,4.737356
68300,1119027200,9.504419e+16,4.799251,4.734314
68400,1120665600,9.518335e+16,4.792496,4.736045
68500,1122304000,9.532250e+16,4.786120,4.736683
68600,1123942400,9.546166e+16,4.776530,4.733561
68700,1125580800,9.560082e+16,4.754426,4.733467
68800,1127219200,9.573997e+16,4.798990,4.726295
68900,1128857600,9.587913e+16,4.763100,4.726373
69000,1130496000,9.601829e+16,4.736535,4.728957
69100,1132134400,9.615745e+16,4.746256,4.724873
69200,1133772800,9.629660e+16,4.773624,4.723035
69300,1135411200,9.643576e+16,4.743488,4.725789
69400,1137049600,9.657492e+16,4.749195,4.723289
69500,1138688000,9.671407e+16,4.759498,4.727065
69600,1140326400,9.685323e+16,4.751743,4.724342
69700,1141964800,9.699239e+16,4.818948,4.722973
69800,1143603200,9.713154e+16,4.767549,4.723234
69900,1145241600,9.727070e+16,4.739408,4.719997
70000,1146880000,9.740986e+16,4.769268,4.720602
70100,1148518400,9.754902e+16,4.793103,4.722307
70200,1150156800,9.768817e+16,4.780694,4.717980
70300,1151795200,9.782733e+16,4.768024,4.716419
70400,1153433600,9.796649e+16,4.776555,4.716798
70500,1155072000,9.810564e+16,4.731420,4.713266
70600,1156710400,9.824480e+16,4.721097,4.716578
70700,1158348800,9.838396e+16,4.732878,4.712371
70800,1159987200,9.852311e+16,4.775857,4.706358
70900,1161625600,9.866227e+16,4.739155,4.708834
71000,1163264000,9.880143e+16,4.738978,4.707066
71100,1164902400,9.894058e+16,4.739587,4.712059
71200,1166540800,9.907974e+16,4.759446,4.702673
71300,1168179200,9.921890e+16,4.764472,4.702702
71400,1169817600,9.935806e+16,4.781948,4.701585
71500,1171456000,9.949721e+16,4.717670,4.702767
71600,1173094400,9.963637e+16,4.735749,4.700189
71700,1174732800,9.977553e+16,4.732660,4.701863
71800,1176371200,9.991468e+16,4.749919,4.695161
71900,1178009600,1.000538e+17,4.703368,4.698818
72000,1179648000,1.001930e+17,4.731118,4.697113
72100,1181286400,1.003322e+17,4.722060,4.695439
72200,1182924800,1.004713e+17,4.740094,4.698809
72300,1184563200,1.006105e+17,4.797041,4.701521
72400,1186201600,1.007496e+17,4.701957,4.700431
72500,1187840000,1.008888e+17,4.783096,4.695787
72600,1189478400,1.010279e+17,4.756733,4.691176
72700,1191116800,1.011671e+17,4.745368,4.691996
72800,1192755200,1.013063e+17,4.705228,4.687755
72900,1194393600,1.014454e+17,4.709920,4.689174
73000,1196032000,1.015846e+17,4.733883,4.688471
73100,1197670400,1.017237e+17,4.713566,4.685671
73200,1199308800,1.018629e+17,4.729054,4.681424
73300,1200947200,1.020020e+17,4.722813,4.684086
73400,1202585600,1.021412e+17,4.760967,4.683673
73500,1204224000,1.022804e+17,4.756999,4.687775
73600,1205862400,1.024195e+17,4.727194,4.690846
73700,1207500800,1.025587e+17,4.701614,4.684723
73800,1209139200,1.026978e+17,4.695823,4.685768
73900,1210777600,1.028370e+17,4.724598,4.686428
74000,1212416000,1.029761e+17,4.721987,4.681394
74100,1214054400,1.031153e+17,4.705347,4.681081
74200,1215692800,1.032544e+17,4.730093,4.683760
74300,1217331200,1.033936e+17,4.705610,4.679346
74400,1218969600,1.035328e+17,4.740794,4.678419
74500,1220608000,1.036719e+17,4.710804,4.676495
74600,1222246400,1.038111e+17,4.759506,4.677702
74700,1223884800,1.039502e+17,4.713140,4.674188
74800,1225523200,1.040894e+17,4.760866,4.675558
74900,1227161600,1.042285e+17,4.688588,4.668204
75000,1228800000,1.043677e+17,4.724858,4.672075
75100,1230438400,1.045069e+17,4.731110,4.674109
75200,1232076800,1.046460e+17,4.719969,4.669827
75300,1233715200,1.047852e+17,4.694857,4.669134
75400,1235353600,1.049243e+17,4.728757,4.669846
75500,1236992000,1.050635e+17,4.673394,4.669304
75600,1238630400,1.052026e+17,4.716273,4.666860
75700,1240268800,1.053418e+17,4.736076,4.664865
75800,1241907200,1.054810e+17,4.718203,4.663183
75900,1243545600,1.056201e+17,4.682844,4.667292
76000,1245184000,1.057593e+17,4.697364,4.666017
76100,1246822400,1.058984e+17,4.742234,4.663921
76200,1248460800,1.060376e+17,4.719392,4.663363
76300,1250099200,1.061767e+17,4.704065,4.661840
76400,1251737600,1.063159e+17,4.722400,4.659162
76500,1253376000,1.064551e+17,4.692751,4.660283
76600,1255014400,1.065942e+17,4.705141,4.659984
76700,1256652800,1.067334e+17,4.709282,4.654107
76800,1258291200,1.068725e+17,4.827255,4.662819
76900,1259929600,1.070117e+17,4.715521,4.658067
77000,1261568000,1.071508e+17,4.700418,4.656147
77100,1263206400,1.072900e+17,4.717089,4.655876
77200,1264844800,1.074292e+17,4.677063,4.653975
77300,1266483200,1.075683e+17,4.701076,4.656218
77400,1268121600,1.077075e+17,4.735778,4.653804
77500,1269760000,1.078466e+17,4.678431,4.656378
77600,1271398400,1.079858e+17,4.704959,4.654938
77700,1273036800,1.081249e+17,4.649723,4.650227
77800,1274675200,1.082641e+17,4.700655,4.652727
77900,1276313600,1.084033e+17,4.661377,4.648578
78000,1277952000,1.085424e+17,4.679627,4.648434
78100,1279590400,1.086816e+17,4.706217,4.649755
78200,1281228800,1.088207e+17,4.698916,4.647241
78300,1282867200,1.089599e+17,4.664508,4.645622
78400,1284505600,1.090990e+17,4.747325,4.648786
78500,1286144000,1.092382e+17,4.661427,4.647949
78600,1287782400,1.093774e+17,4.651516,4.645297
78700,1289420800,1.095165e+17,4.673286,4.643638
78800,1291059200,1.096557e+17,4.724578,4.642255
78900,1292697600,1.097948e+17,4.690346,4.641460
79000,1294336000,1.099340e+17,4.691986,4.637324
79100,1295974400,1.100731e+17,4.691000,4.639245
79200,1297612800,1.102123e+17,4.672800,4.637319
79300,1299251200,1.103515e+17,4.664566,4.638618
79400,1300889600,1.104906e+17,4.679090,4.637769
79500,1302528000,1.106298e+17,4.688124,4.635425
79600,1304166400,1.107689e+17,4.686038,4.632794
79700,1305804800,1.109081e+17,4.682013,4.634126
79800,1307443200,1.110472e+17,4.677555,4.638739
79900,1309081600,1.111864e+17,4.673055,4.633112
80000,1310720000,1.113256e+17,4.648208,4.634205
80100,1312358400,1.114647e+17,4.686953,4.630173
80200,1313996800,1.116039e+17,4.681375,4.636659
80300,1315635200,1.117430e+17,4.674159,4.631766
80400,1317273600,1.118822e+17,4.696514,4.630339
80500,1318912000,1.120213e+17,4.689160,4.631607
80600,1320550400,1.121605e+17,4.628684,4.629455
80700,1322188800,1.122997e+17,4.644392,4.626676
80800,1323827200,1.124388e+17,4.626554,4.628720
80900,1325465600,1.125780e+17,4.672301,4.626118
81000,1327104000,1.127171e+17,4.741482,4.625148
81100,1328742400,1.128563e+17,4.636652,4.621915
81200,1330380800,1.129954e+17,4.671789,4.625478
81300,1332019200,1.131346e+17,4.660174,4.627255
81400,1333657600,1.132737e+17,4.649573,4.622244
81500,1335296000,1.134129e+17,4.696316,4.623687
81600,1336934400,1.135521e+17,4.621251,4.623179
81700,1338572800,1.136912e+17,4.668303,4.621171
81800,1340211200,1.138304e+17,4.652835,4.618196
81900,1341849600,1.139695e+17,4.671340,4.616794
82000,1343488000,1.141087e+17,4.678748,4.619724
82100,1345126400,1.142478e+17,4.669052,4.618135
82200,1346764800,1.143870e+17,4.678771,4.618153
82300,1348403200,1.145262e+17,4.669070,4.617255
82400,1350041600,1.146653e+17,4.637661,4.616360
82500,1351680000,1.148045e+17,4.669876,4.615143
82600,1353318400,1.149436e+17,4.660659,4.614093
82700,1354956800,1.150828e+17,4.644146,4.614956
82800,1356595200,1.152219e+17,4.676139,4.611757
82900,1358233600,1.153611e+17,4.695467,4.612644
83000,1359872000,1.155003e+17,4.610950,4.614518
83100,1361510400,1.156394e+17,4.672829,4.608622
83200,1363148800,1.157786e+17,4.688580,4.610673
83300,1364787200,1.159177e+17,4.682445,4.609091
83400,1366425600,1.160569e+17,4.649949,4.608160
83500,1368064000,1.161960e+17,4.673031,4.608196
83600,1369702400,1.163352e+17,4.665202,4.607409
83700,1371340800,1.164744e+17,4.644941,4.605220
83800,1372979200,1.166135e+17,4.646793,4.605359
83900,1374617600,1.167527e+17,4.696065,4.604788
84000,1376256000,1.168918e+17,4.680367,4.605063
84100,1377894400,1.170310e+17,4.630355,4.603975
84200,1379532800,1.171701e+17,4.679715,4.603354
84300,1381171200,1.173093e+17,4.624054,4.604068
84400,1382809600,1.174485e+17,4.618551,4.602368
84500,1384448000,1.175876e+17,4.607708,4.604433
84600,1386086400,1.177268e+17,4.647760,4.602609
84700,1387724800,1.178659e+17,4.649613,4.601006
84800,1389363200,1.180051e+17,4.648053,4.598635
84900,1391001600,1.181442e+17,4.711989,4.600946
85000,1392640000,1.182834e+17,4.703846,4.598650
85100,1394278400,1.184226e+17,4.662111,4.594493
85200,1395916800,1.185617e+17,4.682489,4.595999
85300,1397555200,1.187009e+17,4.667550,4.595731
85400,1399193600,1.188400e+17,4.648988,4.593787
85500,1400832000,1.189792e+17,4.668164,4.595438
85600,1402470400,1.191183e+17,4.655394,4.597422
85700,1404108800,1.192575e+17,4.649966,4.595277
85800,1405747200,1.193967e+17,4.651219,4.593727
85900,1407385600,1.195358e+17,4.658467,4.591429
86000,1409024000,1.196750e+17,4.680883,4.594410
86100,1410662400,1.198141e+17,4.631967,4.591916
86200,1412300800,1.199533e+17,4.640852,4.593600
86300,1413939200,1.200924e+17,4.619215,4.590853
86400,1415577600,1.202316e+17,4.657065,4.588824
86500,1417216000,1.203708e+17,4.671497,4.589267
86600,1418854400,1.205099e+17,4.671916,4.589769
86700,1420492800,1.206491e+17,4.644946,4.593381
86800,1422131200,1.207882e+17,4.663155,4.589634
86900,1423769600,1.209274e+17,4.669960,4.589995
87000,1425408000,1.210665e+17,4.643041,4.587275
87100,1427046400,1.212057e+17,4.642711,4.586067
87200,1428684800,1.213449e+17,4.588127,4.585504
87300,1430323200,1.214840e+17,4.624063,4.583112
87400,1431961600,1.216232e+17,4.648587,4.584717
87500,1433600000,1.217623e+17,4.621254,4.583601
87600,1435238400,1.219015e+17,4.684309,4.586122
87700,1436876800,1.220406e+17,4.636211,4.581576
87800,1438515200,1.221798e+17,4.652097,4.580139
87900,1440153600,1.223190e+17,4.638187,4.581400
88000,1441792000,1.224581e+17,4.654162,4.578284
88100,1443430400,1.225973e+17,4.603590,4.576180
88200,1445068800,1.227364e+17,4.630999,4.579257
88300,1446707200,1.228756e+17,4.633720,4.577856
88400,1448345600,1.230147e+17,4.628213,4.580381
88500,1449984000,1.231539e+17,4.609399,4.577720
88600,1451622400,1.232930e+17,4.615507,4.577057
88700,1453260800,1.234322e+17,4.606430,4.575300
88800,1454899200,1.235714e+17,4.593682,4.576406
88900,1456537600,1.237105e+17,4.603632,4.576622
89000,1458176000,1.238497e+17,4.621952,4.575569
89100,1459814400,1.239888e+17,4.582447,4.574400
89200,1461452800,1.241280e+17,4.611959,4.573306
89300,1463091200,1.242671e+17,4.612458,4.573929
89400,1464729600,1.244063e+17,4.632728,4.571120
89500,1466368000,1.245455e+17,4.614001,4.571244
89600,1468006400,1.246846e+17,4.646229,4.570984
89700,1469644800,1.248238e+17,4.623735,4.570690
89800,1471283200,1.249629e+17,4.616629,4.571142
89900,1472921600,1.251021e+17,4.632473,4.570133
90000,1474560000,1.252412e+17,4.602730,4.567176
90100,1476198400,1.253804e+17,4.611912,4.568634
90200,1477836800,1.255196e+17,4.647111,4.568899
90300,1479475200,1.256587e+17,4.648550,4.566075
90400,1481113600,1.257979e+17,4.619798,4.564592
90500,1482752000,1.259370e+17,4.616908,4.565353
90600,1484390400,1.260762e+17,4.658061,4.566566
90700,1486028800,1.262153e+17,4.620714,4.562547
90800,1487667200,1.263545e+17,4.591528,4.562340
90900,1489305600,1.264937e+17,4.634855,4.564286
91000,1490944000,1.266328e+17,4.582532,4.561924
91100,1492582400,1.267720e+17,4.605786,4.562790
91200,1494220800,1.269111e+17,4.620861,4.562120
91300,1495859200,1.270503e+17,4.603947,4.561778
91400,1497497600,1.271894e+17,4.619624,4.562848
91500,1499136000,1.273286e+17,4.627602,4.561283
91600,1500774400,1.274678e+17,4.577667,4.562407
91700,1502412800,1.276069e+17,4.599816,4.559338
91800,1504051200,1.277461e+17,4.607867,4.559624
91900,1505689600,1.278852e+17,4.598395,4.559984
92000,1507328000,1.280244e+17,4.608305,4.559914
92100,1508966400,1.281635e+17,4.613669,4.559823
92200,1510604800,1.283027e+17,4.649371,4.558516
92300,1512243200,1.284419e+17,4.598503,4.557413
92400,1513881600,1.285810e+17,4.596052,4.557759
92500,1515520000,1.287202e+17,4.605250,4.555819
92600,1517158400,1.288593e+17,4.634467,4.559751
92700,1518796800,1.289985e+17,4.610085,4.559051
92800,1520435200,1.291376e+17,4.595751,4.557047
92900,1522073600,1.292768e+17,4.623681,4.556736
93000,1523712000,1.294160e+17,4.605098,4.556042
93100,1525350400,1.295551e+17,4.570309,4.552765
93200,1526988800,1.296943e+17,4.587769,4.556831
93300,1528627200,1.298334e+17,4.616815,4.552773
93400,1530265600,1.299726e+17,4.608813,4.557063
93500,1531904000,1.301117e+17,4.601386,4.554466
93600,1533542400,1.302509e+17,4.595875,4.552028
93700,1535180800,1.303901e+17,4.588994,4.553177
93800,1536819200,1.305292e+17,4.610197,4.553505
93900,1538457600,1.306684e+17,4.592862,4.554026
94000,1540096000,1.308075e+17,4.599694,4.549188
94100,1541734400,1.309467e+17,4.589857,4.550547
94200,1543372800,1.310858e+17,4.582897,4.549805
94300,1545011200,1.312250e+17,4.594640,4.549243
94400,1546649600,1.313642e+17,4.544596,4.549696
94500,1548288000,1.315033e+17,4.576860,4.547685
94600,1549926400,1.316425e+17,4.574510,4.547020
94700,1551564800,1.317816e+17,4.581744,4.547488
94800,1553203200,1.319208e+17,4.601472,4.545327
94900,1554841600,1.320599e+17,4.600347,4.546112
95000,1556480000,1.321991e+17,4.575211,4.547370
95100,1558118400,1.323383e+17,4.586311,4.545443
95200,1559756800,1.324774e+17,4.568493,4.544657
95300,1561395200,1.326166e+17,4.585474,4.541673
95400,1563033600,1.327557e+17,4.583264,4.541939
95500,1564672000,1.328949e+17,4.585890,4.540306
95600,1566310400,1.330340e+17,4.614285,4.541043
95700,1567948800,1.331732e+17,4.616690,4.541045
95800,1569587200,1.333123e+17,4.575531,4.538734
95900,1571225600,1.334515e+17,4.608805,4.540635
96000,1572864000,1.335907e+17,4.571825,4.538510
96100,1574502400,1.337298e+17,4.610328,4.539335
96200,1576140800,1.338690e+17,4.630057,4.538769
96300,1577779200,1.340081e+17,4.535275,4.540869
96400,1579417600,1.341473e+17,4.554039,4.540193
96500,1581056000,1.342864e+17,4.621544,4.537019
96600,1582694400,1.344256e+17,4.599962,4.537391
96700,1584332800,1.345648e+17,4.607696,4.534433
96800,1585971200,1.347039e+17,4.590732,4.535349
96900,1587609600,1.348431e+17,4.598917,4.535826
97000,1589248000,1.349822e+17,4.584085,4.534942
97100,1590886400,1.351214e+17,4.578341,4.534954
97200,1592524800,1.352605e+17,4.597376,4.534149
97300,1594163200,1.353997e+17,4.601795,4.532784
97400,1595801600,1.355389e+17,4.564536,4.531677
97500,1597440000,1.356780e+17,4.622508,4.533120
97600,1599078400,1.358172e+17,4.597545,4.531703
97700,1600716800,1.359563e+17,4.562740,4.530810
97800,1602355200,1.360955e+17,4.608706,4.531196
97900,1603993600,1.362346e+17,4.594816,4.529674
98000,1605632000,1.363738e+17,4.609288,4.532423
98100,1607270400,1.365130e+17,4.582375,4.529679
98200,1608908800,1.366521e+17,4.592593,4.529928
98300,1610547200,1.367913e+17,4.577229,4.530402
98400,1612185600,1.369304e+17,4.560688,4.528659
98500,1613824000,1.370696e+17,4.569387,4.528063
98600,1615462400,1.372087e+17,4.567555,4.528595
98700,1617100800,1.373479e+17,4.625445,4.528779
98800,1618739200,1.374871e+17,4.652990,4.527756
98900,1620377600,1.376262e+17,4.588924,4.525260
99000,1622016000,1.377654e+17,4.570558,4.526482
99100,1623654400,1.379045e+17,4.575082,4.524959
99200,1625292800,1.380437e+17,4.567139,4.524447
99300,1626931200,1.381828e+17,4.592179,4.525867
99400,1628569600,1.383220e+17,4.577105,4.525942
99500,1630208000,1.384612e+17,4.560714,4.527146
99600,1631846400,1.386003e+17,4.583453,4.524088
99700,1633484800,1.387395e+17,4.614336,4.525950
99800,1635123200,1.388786e+17,4.583715,4.521783
99900,1636761600,1.390178e+17,4.585968,4.522689
100000,1638400000,1.391569e+17,4.647833,4.523147
100100,1640038400,1.392961e+17,4.557652,4.521716
100200,1641676800,1.394353e+17,4.720189,4.525407
100300,1643315200,1.395744e+17,4.624833,4.521850
100400,1644953600,1.397136e+17,4.608437,4.521864
100500,1646592000,1.398527e+17,4.541177,4.520695
100600,1648230400,1.399919e+17,4.542931,4.520738
100700,1649868800,1.401310e+17,4.562405,4.520553
100800,1651507200,1.402702e+17,4.560932,4.520593
100900,1653145600,1.404094e+17,4.588754,4.519130
101000,1654784000,1.405485e+17,4.615459,4.520368
101100,1656422400,1.406877e+17,4.589905,4.520008
101200,1658060800,1.408268e+17,4.532327,4.518356
101300,1659699200,1.409660e+17,4.591876,4.519382
101400,1661337600,1.411051e+17,4.529711,4.518834
101500,1662976000,1.412443e+17,4.595098,4.517329
101600,1664614400,1.413835e+17,4.591888,4.518412
101700,1666252800,1.415226e+17,4.575429,4.517054
101800,1667891200,1.416618e+17,4.530801,4.516390
101900,1669529600,1.418009e+17,4.555433,4.513871
102000,1671168000,1.419401e+17,4.586121,4.513357
102100,1672806400,1.420792e+17,4.538282,4.513667
102200,1674444800,1.422184e+17,4.566308,4.512902
102300,1676083200,1.423576e+17,4.581335,4.512650
102400,1677721600,1.424967e+17,4.607836,4.510417
102500,1679360000,1.426359e+17,4.522080,4.510212
102600,1680998400,1.427750e+17,4.547603,4.508743
102700,1682636800,1.429142e+17,4.565765,4.508447
102800,1684275200,1.430533e+17,4.559318,4.507311
102900,1685913600,1.431925e+17,4.560688,4.507475
103000,1687552000,1.433316e+17,4.570880,4.506691
103100,1689190400,1.434708e+17,4.544754,4.506844
103200,1690828800,1.436100e+17,4.546939,4.507393
103300,1692467200,1.437491e+17,4.511452,4.506832
103400,1694105600,1.438883e+17,4.528694,4.504900
103500,1695744000,1.440274e+17,4.524219,4.505683
103600,1697382400,1.441666e+17,4.546490,4.504933
103700,1699020800,1.443057e+17,4.533569,4.508302
103800,1700659200,1.444449e+17,4.545452,4.506291
103900,1702297600,1.445841e+17,4.578759,4.504674
104000,1703936000,1.447232e+17,4.543888,4.503783
104100,1705574400,1.448624e+17,4.545047,4.504840
104200,1707212800,1.450015e+17,4.573999,4.502775
104300,1708851200,1.451407e+17,4.564263,4.502889
104400,1710489600,1.452798e+17,4.528513,4.501156
104500,1712128000,1.454190e+17,4.532174,4.501318
104600,1713766400,1.455582e+17,4.547133,4.501247
104700,1715404800,1.456973e+17,4.569355,4.501471
104800,1717043200,1.458365e+17,4.612553,4.502791
104900,1718681600,1.459756e+17,4.567323,4.501546
105000,1720320000,1.461148e+17,4.573353,4.500539
105100,1721958400,1.462539e+17,4.542796,4.499582
105200,1723596800,1.463931e+17,4.593410,4.499999
105300,1725235200,1.465323e+17,4.542543,4.497167
105400,1726873600,1.466714e+17,4.561069,4.500028
105500,1728512000,1.468106e+17,4.535122,4.497856
105600,1730150400,1.469497e+17,4.552211,4.498195
105700,1731788800,1.470889e+17,4.516571,4.498652
105800,1733427200,1.472280e+17,4.511356,4.496119
105900,1735065600,1.473672e+17,4.511340,4.496589
106000,1736704000,1.475064e+17,4.544485,4.495667
106100,1738342400,1.476455e+17,4.558677,4.495561
106200,1739980800,1.477847e+17,4.549056,4.494632
106300,1741619200,1.479238e+17,4.522994,4.497020
106400,1743257600,1.480630e+17,4.548546,4.495417
106500,1744896000,1.482021e+17,4.541699,4.494287
106600,1746534400,1.483413e+17,4.550573,4.494961
106700,1748172800,1.484805e+17,4.541167,4.493470
106800,1749811200,1.486196e+17,4.562412,4.493027
106900,1751449600,1.487588e+17,4.562203,4.492737
107000,1753088000,1.488979e+17,4.582428,4.492547
107100,1754726400,1.490371e+17,4.549479,4.491194
107200,1756364800,1.491762e+17,4.486933,4.494472
107300,1758003200,1.493154e+17,4.542120,4.491245
107400,1759641600,1.494546e+17,4.529622,4.489853
107500,1761280000,1.495937e+17,4.535135,4.491675
107600,1762918400,1.497329e+17,4.535916,4.489545
107700,1764556800,1.498720e+17,4.573576,4.490492
107800,1766195200,1.500112e+17,4.502538,4.491916
107900,1767833600,1.501503e+17,4.522333,4.488999
108000,1769472000,1.502895e+17,4.540053,4.489341
108100,1771110400,1.504287e+17,4.521898,4.488906
108200,1772748800,1.505678e+17,4.510161,4.487775
108300,1774387200,1.507070e+17,4.559490,4.488451
108400,1776025600,1.508461e+17,4.530453,4.488858
108500,1777664000,1.509853e+17,4.503374,4.489721
108600,1779302400,1.511244e+17,4.538865,4.488790
108700,1780940800,1.512636e+17,4.514682,4.488718
108800,1782579200,1.514028e+17,4.582796,4.489493
108900,1784217600,1.515419e+17,4.545470,4.488462
109000,1785856000,1.516811e+17,4.555268,4.486563
109100,1787494400,1.518202e+17,4.574690,4.486005
109200,1789132800,1.519594e+17,4.564301,4.488153
109300,1790771200,1.520985e+17,4.492433,4.485730
109400,1792409600,1.522377e+17,4.545891,4.484956
109500,1794048000,1.523768e+17,4.530361,4.483617
109600,1795686400,1.525160e+17,4.519822,4.484724
109700,1797324800,1.526552e+17,4.528891,4.483684
109800,1798963200,1.527943e+17,4.538619,4.484437
109900,1800601600,1.529335e+17,4.485402,4.482811
110000,1802240000,1.530726e+17,4.596373,4.482907
110100,1803878400,1.532118e+17,4.543813,4.484303
110200,1805516800,1.533509e+17,4.540051,4.483036
110300,1807155200,1.534901e+17,4.504095,4.483607
110400,1808793600,1.536293e+17,4.486651,4.483157
110500,1810432000,1.537684e+17,4.512838,4.482318
110600,1812070400,1.539076e+17,4.532445,4.481466
110700,1813708800,1.540467e+17,4.538324,4.482241
110800,1815347200,1.541859e+17,4.520634,4.481269
110900,1816985600,1.543250e+17,4.548164,4.481582
111000,1818624000,1.544642e+17,4.520643,4.480416
111100,1820262400,1.546034e+17,4.529993,4.480682
111200,1821900800,1.547425e+17,4.547176,4.481305
111300,1823539200,1.548817e+17,4.526126,4.480229
111400,1825177600,1.550208e+17,4.544364,4.480221
111500,1826816000,1.551600e+17,4.506455,4.480696
111600,1828454400,1.552991e+17,4.521994,4.478639
111700,1830092800,1.554383e+17,4.491465,4.479761
111800,1831731200,1.555775e+17,4.502610,4.480552
111900,1833369600,1.557166e+17,4.530626,4.478799
112000,1835008000,1.558558e+17,4.515020,4.479487
112100,1836646400,1.559949e+17,4.537710,4.478921
112200,1838284800,1.561341e+17,4.539254,4.478908
112300,1839923200,1.562732e+17,4.554433,4.478479
112400,1841561600,1.564124e+17,4.515455,4.478214
112500,1843200000,1.565516e+17,4.606040,4.478168
112600,1844838400,1.566907e+17,4.579093,4.477128
112700,1846476800,1.568299e+17,4.527030,4.476900
112800,1848115200,1.569690e+17,4.552939,4.476913
112900,1849753600,1.571082e+17,4.545431,4.476636
113000,1851392000,1.572473e+17,4.519375,4.476103
113100,1853030400,1.573865e+17,4.543353,4.474847
113200,1854668800,1.575257e+17,4.515965,4.475179
113300,1856307200,1.576648e+17,4.527992,4.476548
113400,1857945600,1.578040e+17,4.524166,4.476139
113500,1859584000,1.579431e+17,4.532559,4.476223
113600,1861222400,1.580823e+17,4.546108,4.476122
113700,1862860800,1.582214e+17,4.533981,4.475741
113800,1864499200,1.583606e+17,4.542224,4.476680
113900,1866137600,1.584998e+17,4.547150,4.475709
114000,1867776000,1.586389e+17,4.573309,4.475190
114100,1869414400,1.587781e+17,4.582470,4.476412
114200,1871052800,1.589172e+17,4.523315,4.476399
114300,1872691200,1.590564e+17,4.520660,4.474365
114400,1874329600,1.591955e+17,4.520349,4.473220
114500,1875968000,1.593347e+17,4.518495,4.473565
114600,1877606400,1.594739e+17,4.584372,4.473516
114700,1879244800,1.596130e+17,4.560565,4.473491
114800,1880883200,1.597522e+17,4.514749,4.472522
114900,1882521600,1.598913e+17,4.538419,4.471718
115000,1884160000,1.600305e+17,4.575428,4.473772
115100,1885798400,1.601696e+17,4.590497,4.473350
115200,1887436800,1.603088e+17,4.553257,4.472623
115300,1889075200,1.604480e+17,4.545548,4.473804
115400,1890713600,1.605871e+17,4.499667,4.471897
115500,1892352000,1.607263e+17,4.479510,4.471948
115600,1893990400,1.608654e+17,4.540615,4.470472
115700,1895628800,1.610046e+17,4.546438,4.471307
115800,1897267200,1.611437e+17,4.546728,4.469155
115900,1898905600,1.612829e+17,4.496520,4.467581
116000,1900544000,1.614221e+17,4.564937,4.470480
116100,1902182400,1.615612e+17,4.562288,4.469853
116200,1903820800,1.617004e+17,4.536487,4.470971
116300,1905459200,1.618395e+17,4.566702,4.470092
116400,1907097600,1.619787e+17,4.530315,4.469368
116500,1908736000,1.621178e+17,4.510536,4.469870
116600,1910374400,1.622570e+17,4.517211,4.468068
116700,1912012800,1.623961e+17,4.630447,4.473336
116800,1913651200,1.625353e+17,4.552197,4.467085
116900,1915289600,1.626745e+17,4.510894,4.467134
117000,1916928000,1.628136e+17,4.492542,4.468011
117100,1918566400,1.629528e+17,4.536139,4.467995
117200,1920204800,1.630919e+17,4.500296,4.468168
117300,1921843200,1.632311e+17,4.513713,4.467233
117400,1923481600,1.633702e+17,4.537880,4.467617
117500,1925120000,1.635094e+17,4.568819,4.466761
117600,1926758400,1.636486e+17,4.540008,4.466647
117700,1928396800,1.637877e+17,4.527053,4.466881
117800,1930035200,1.639269e+17,4.507759,4.466064
117900,1931673600,1.640660e+17,4.478521,4.465521
118000,1933312000,1.642052e+17,4.542967,4.467471
118100,1934950400,1.643443e+17,4.503404,4.468101
118200,1936588800,1.644835e+17,4.582778,4.465789
118300,1938227200,1.646227e+17,4.543502,4.466708
118400,1939865600,1.647618e+17,4.565453,4.464890
118500,1941504000,1.649010e+17,4.526370,4.465933
118600,1943142400,1.650401e+17,4.490103,4.464573
118700,1944780800,1.651793e+17,4.522696,4.464870
118800,1946419200,1.653184e+17,4.509178,4.465176
118900,1948057600,1.654576e+17,4.515704,4.463897
119000,1949696000,1.655968e+17,4.528918,4.464509
119100,1951334400,1.657359e+17,4.518116,4.465656
119200,1952972800,1.658751e+17,4.522487,4.465876
119300,1954611200,1.660142e+17,4.509392,4.464950
119400,1956249600,1.661534e+17,4.524893,4.464691
119500,1957888000,1.662925e+17,4.519642,4.463952
119600,1959526400,1.664317e+17,4.492611,4.465711
119700,1961164800,1.665709e+17,4.571848,4.464080
119800,1962803200,1.667100e+17,4.512105,4.464004
119900,1964441600,1.668492e+17,4.543787,4.463979
120000,1966080000,1.669883e+17,4.491596,4.464628
120100,1967718400,1.671275e+17,4.538284,4.464645
120200,1969356800,1.672666e+17,4.557067,4.462937
120300,1970995200,1.674058e+17,4.510767,4.464193
120400,1972633600,1.675450e+17,4.555326,4.463857
120500,1974272000,1.676841e+17,4.521213,4.463844
120600,1975910400,1.678233e+17,4.485911,4.462355
120700,1977548800,1.679624e+17,4.520642,4.462331
120800,1979187200,1.681016e+17,4.532096,4.461558
120900,1980825600,1.682407e+17,4.500820,4.462199
121000,1982464000,1.683799e+17,4.510409,4.461865
121100,1984102400,1.685191e+17,4.521364,4.461690
121200,1985740800,1.686582e+17,4.510517,4.461596
121300,1987379200,1.687974e+17,4.538592,4.460774
121400,1989017600,1.689365e+17,4.545239,4.461893
121500,1990656000,1.690757e+17,4.512054,4.461403
121600,1992294400,1.692148e+17,4.552037,4.462091
121700,1993932800,1.693540e+17,4.531908,4.461545
121800,1995571200,1.694932e+17,4.523104,4.460751
121900,1997209600,1.696323e+17,4.480885,4.460703
122000,1998848000,1.697715e+17,4.522045,4.461326
122071,2000011264,1.698703e+17,4.522045,4.491559
