step,tokens_seen,cumulative_flops,train_loss,eval_loss,eval_loss_all_pos
500,16384000,4.641786e+16,37.100327,35.134290,35.134290
1000,32768000,9.283572e+16,20.691765,19.225471,19.225471
1500,49152000,1.392536e+17,11.940516,12.606237,12.606237
2000,65536000,1.856714e+17,8.730837,8.415411,8.415411
2500,81920000,2.320893e+17,7.416888,7.286997,7.286997
3000,98304000,2.785072e+17,6.824762,6.815901,6.815901
3500,114688000,3.249250e+17,6.531945,6.555652,6.555652
4000,131072000,3.713429e+17,6.265257,6.207828,6.207828
4500,147456000,4.177607e+17,6.087645,6.076762,6.076762
5000,163840000,4.641786e+17,5.909284,5.825068,5.825068
5500,180224000,5.105964e+17,5.743041,5.682855,5.682855
6000,196608000,5.570143e+17,5.590693,5.534815,5.534815
6500,212992000,6.034322e+17,5.468805,5.375235,5.375235
7000,229376000,6.498500e+17,5.324400,5.218491,5.218491
7500,245760000,6.962679e+17,5.165898,5.102441,5.102441
8000,262144000,7.426857e+17,5.048553,5.026153,5.026153
8500,278528000,7.891036e+17,4.978675,4.903840,4.903840
9000,294912000,8.355215e+17,4.893649,4.854841,4.854841
9500,311296000,8.819393e+17,4.810047,4.803187,4.803187
10000,327680000,9.283572e+17,4.759736,4.727611,4.727611
10500,344064000,9.747750e+17,4.704890,4.651133,4.651133
11000,360448000,1.021193e+18,4.650678,4.614977,4.614977
11500,376832000,1.067611e+18,4.615191,4.559406,4.559406
12000,393216000,1.114029e+18,4.572574,4.506527,4.506527
12500,409600000,1.160446e+18,4.544183,4.506069,4.506069
13000,425984000,1.206864e+18,4.506298,4.455217,4.455217
13500,442368000,1.253282e+18,4.465687,4.423411,4.423411
14000,458752000,1.299700e+18,4.441854,4.409588,4.409588
14500,475136000,1.346118e+18,4.417808,4.373496,4.373496
15000,491520000,1.392536e+18,4.392901,4.340161,4.340161
15500,507904000,1.438954e+18,4.353730,4.319284,4.319284
16000,524288000,1.485371e+18,4.344949,4.285903,4.285903
16500,540672000,1.531789e+18,4.329767,4.282253,4.282253
17000,557056000,1.578207e+18,4.294140,4.244959,4.244959
17500,573440000,1.624625e+18,4.282831,4.235341,4.235341
18000,589824000,1.671043e+18,4.263639,4.214576,4.214576
18500,606208000,1.717461e+18,4.247056,4.208770,4.208770
19000,622592000,1.763879e+18,4.233298,4.172926,4.172926
19500,638976000,1.810297e+18,4.234341,4.178783,4.178783
20000,655360000,1.856714e+18,4.204047,4.170730,4.170730
20500,671744000,1.903132e+18,4.201887,4.159797,4.159797
21000,688128000,1.949550e+18,4.181489,4.140955,4.140955
21500,704512000,1.995968e+18,4.140609,4.099090,4.099090
22000,720896000,2.042386e+18,4.177822,4.102159,4.102159
22500,737280000,2.088804e+18,4.144639,4.077858,4.077858
23000,753664000,2.135222e+18,4.140286,4.093182,4.093182
23500,770048000,2.181639e+18,4.123077,4.066122,4.066122
24000,786432000,2.228057e+18,4.122722,4.060867,4.060867
24500,802816000,2.274475e+18,4.097757,4.033418,4.033418
25000,819200000,2.320893e+18,4.084837,4.043704,4.043704
25500,835584000,2.367311e+18,4.064411,4.011984,4.011984
26000,851968000,2.413729e+18,4.053196,4.013630,4.013630
26500,868352000,2.460147e+18,4.040972,3.995329,3.995329
27000,884736000,2.506564e+18,4.016152,3.992118,3.992118
27500,901120000,2.552982e+18,4.032336,3.982306,3.982306
28000,917504000,2.599400e+18,4.028893,3.982547,3.982547
28500,933888000,2.645818e+18,4.013180,3.958743,3.958743
29000,950272000,2.692236e+18,4.006779,3.964059,3.964059
29500,966656000,2.738654e+18,3.984726,3.944588,3.944588
30000,983040000,2.785072e+18,3.986675,3.939429,3.939429
30500,999424000,2.831489e+18,3.970161,3.933569,3.933569
31000,1015808000,2.877907e+18,3.964387,3.917036,3.917036
31500,1032192000,2.924325e+18,3.968549,3.927835,3.927835
32000,1048576000,2.970743e+18,3.961939,3.910556,3.910556
32500,1064960000,3.017161e+18,3.963911,3.900786,3.900786
33000,1081344000,3.063579e+18,3.952551,3.889268,3.889268
33500,1097728000,3.109997e+18,3.921132,3.882220,3.882220
34000,1114112000,3.156414e+18,3.923926,3.870847,3.870847
34500,1130496000,3.202832e+18,3.913841,3.864762,3.864762
35000,1146880000,3.249250e+18,3.908465,3.850550,3.850550
35500,1163264000,3.295668e+18,3.910730,3.859969,3.859969
36000,1179648000,3.342086e+18,3.897755,3.850269,3.850269
36500,1196032000,3.388504e+18,3.895720,3.833719,3.833719
37000,1212416000,3.434922e+18,3.878905,3.835388,3.835388
37500,1228800000,3.481339e+18,3.872353,3.833662,3.833662
38000,1245184000,3.527757e+18,3.851963,3.819880,3.819880
38500,1261568000,3.574175e+18,3.866853,3.821742,3.821742
39000,1277952000,3.620593e+18,3.858610,3.822613,3.822613
39500,1294336000,3.667011e+18,3.861902,3.806994,3.806994
40000,1310720000,3.713429e+18,3.854895,3.806447,3.806447
40500,1327104000,3.759847e+18,3.847972,3.799995,3.799995
41000,1343488000,3.806264e+18,3.849271,3.796786,3.796786
41500,1359872000,3.852682e+18,3.842000,3.788216,3.788216
42000,1376256000,3.899100e+18,3.835217,3.785991,3.785991
42500,1392640000,3.945518e+18,3.845975,3.793402,3.793402
43000,1409024000,3.991936e+18,3.824520,3.773674,3.773674
43500,1425408000,4.038354e+18,3.809199,3.765615,3.765615
44000,1441792000,4.084772e+18,3.820140,3.764592,3.764592
44500,1458176000,4.131189e+18,3.800925,3.757493,3.757493
45000,1474560000,4.177607e+18,3.806860,3.755195,3.755195
45500,1490944000,4.224025e+18,3.796700,3.750589,3.750589
46000,1507328000,4.270443e+18,3.791134,3.749452,3.749452
46500,1523712000,4.316861e+18,3.783228,3.739846,3.739846
47000,1540096000,4.363279e+18,3.778064,3.738734,3.738734
47500,1556480000,4.409697e+18,3.770636,3.733552,3.733552
48000,1572864000,4.456114e+18,3.776531,3.731488,3.731488
48500,1589248000,4.502532e+18,3.766365,3.727837,3.727837
49000,1605632000,4.548950e+18,3.757220,3.713255,3.713255
49500,1622016000,4.595368e+18,3.770006,3.704167,3.704167
50000,1638400000,4.641786e+18,3.763906,3.700251,3.700251
50500,1654784000,4.688204e+18,3.758858,3.703851,3.703851
51000,1671168000,4.734622e+18,3.755537,3.694207,3.694207
51500,1687552000,4.781039e+18,3.750259,3.697173,3.697173
52000,1703936000,4.827457e+18,3.737303,3.692452,3.692452
52500,1720320000,4.873875e+18,3.720926,3.689171,3.689171
53000,1736704000,4.920293e+18,3.729275,3.679990,3.679990
53500,1753088000,4.966711e+18,3.721214,3.676685,3.676685
54000,1769472000,5.013129e+18,3.739478,3.680332,3.680332
54500,1785856000,5.059547e+18,3.720891,3.670359,3.670359
55000,1802240000,5.105964e+18,3.703669,3.667416,3.667416
55500,1818624000,5.152382e+18,3.699934,3.666391,3.666391
56000,1835008000,5.198800e+18,3.697948,3.658271,3.658271
56500,1851392000,5.245218e+18,3.715271,3.659269,3.659269
57000,1867776000,5.291636e+18,3.709651,3.659380,3.659380
57500,1884160000,5.338054e+18,3.706334,3.654017,3.654017
58000,1900544000,5.384472e+18,3.696691,3.644797,3.644797
58500,1916928000,5.430890e+18,3.687564,3.642377,3.642377
59000,1933312000,5.477307e+18,3.681345,3.634517,3.634517
59500,1949696000,5.523725e+18,3.680447,3.638620,3.638620
60000,1966080000,5.570143e+18,3.681849,3.630818,3.630818
60500,1982464000,5.616561e+18,3.696362,3.629979,3.629979
61000,1998848000,5.662979e+18,3.682805,3.630772,3.630772
61500,2015232000,5.709397e+18,3.685083,3.627034,3.627034
62000,2031616000,5.755815e+18,3.669539,3.619815,3.619815
62500,2048000000,5.802232e+18,3.672613,3.617128,3.617128
63000,2064384000,5.848650e+18,3.656802,3.609229,3.609229
63500,2080768000,5.895068e+18,3.674285,3.611305,3.611305
64000,2097152000,5.941486e+18,3.658173,3.603728,3.603728
64500,2113536000,5.987904e+18,3.655416,3.609918,3.609918
65000,2129920000,6.034322e+18,3.648592,3.599069,3.599069
65500,2146304000,6.080740e+18,3.651564,3.595311,3.595311
66000,2162688000,6.127157e+18,3.641486,3.596607,3.596607
66500,2179072000,6.173575e+18,3.646894,3.591408,3.591408
67000,2195456000,6.219993e+18,3.644630,3.582601,3.582601
67500,2211840000,6.266411e+18,3.626513,3.588635,3.588635
68000,2228224000,6.312829e+18,3.634644,3.585913,3.585913
68500,2244608000,6.359247e+18,3.610024,3.582518,3.582518
69000,2260992000,6.405665e+18,7.882361,7.246267,7.246267
69500,2277376000,6.452082e+18,3.780740,3.703770,3.703770
70000,2293760000,6.498500e+18,3.669947,3.617438,3.617438
70500,2310144000,6.544918e+18,3.644755,3.590177,3.590177
71000,2326528000,6.591336e+18,3.620392,3.582064,3.582064
71500,2342912000,6.637754e+18,3.625331,3.572614,3.572614
72000,2359296000,6.684172e+18,3.620446,3.573284,3.573284
72500,2375680000,6.730590e+18,3.618210,3.570489,3.570489
73000,2392064000,6.777007e+18,3.629760,3.564678,3.564678
73500,2408448000,6.823425e+18,3.626099,3.560773,3.560773
74000,2424832000,6.869843e+18,3.614275,3.555993,3.555993
74500,2441216000,6.916261e+18,3.611903,3.555366,3.555366
75000,2457600000,6.962679e+18,3.595443,3.551333,3.551333
75500,2473984000,7.009097e+18,3.607928,3.553111,3.553111
76000,2490368000,7.055515e+18,3.590321,3.546486,3.546486
76500,2506752000,7.101932e+18,3.595640,3.545849,3.545849
77000,2523136000,7.148350e+18,3.597140,3.538977,3.538977
77500,2539520000,7.194768e+18,3.582644,3.533623,3.533623
78000,2555904000,7.241186e+18,3.589875,3.532191,3.532191
78500,2572288000,7.287604e+18,3.568064,3.531166,3.531166
79000,2588672000,7.334022e+18,3.577671,3.532797,3.532797
79500,2605056000,7.380440e+18,3.575229,3.527331,3.527331
80000,2621440000,7.426857e+18,3.579421,3.523359,3.523359
80500,2637824000,7.473275e+18,3.567512,3.526413,3.526413
81000,2654208000,7.519693e+18,3.581832,3.520181,3.520181
81500,2670592000,7.566111e+18,3.565152,3.518297,3.518297
82000,2686976000,7.612529e+18,3.562203,3.514898,3.514898
82500,2703360000,7.658947e+18,3.602138,3.525835,3.525835
83000,2719744000,7.705365e+18,3.569441,3.516018,3.516018
83500,2736128000,7.751782e+18,3.567738,3.506838,3.506838
84000,2752512000,7.798200e+18,3.547510,3.508425,3.508425
84500,2768896000,7.844618e+18,3.550778,3.501193,3.501193
85000,2785280000,7.891036e+18,3.547213,3.500857,3.500857
85500,2801664000,7.937454e+18,3.546600,3.499128,3.499128
86000,2818048000,7.983872e+18,3.542251,3.495304,3.495304
86500,2834432000,8.030290e+18,3.543024,3.491346,3.491346
87000,2850816000,8.076707e+18,3.551197,3.492510,3.492510
87500,2867200000,8.123125e+18,3.531634,3.494550,3.494550
88000,2883584000,8.169543e+18,3.527215,3.484541,3.484541
88500,2899968000,8.215961e+18,3.538877,3.481680,3.481680
89000,2916352000,8.262379e+18,3.540176,3.480263,3.480263
89500,2932736000,8.308797e+18,3.533406,3.474801,3.474801
90000,2949120000,8.355215e+18,3.512379,3.477062,3.477062
90500,2965504000,8.401632e+18,3.523777,3.479644,3.479644
91000,2981888000,8.448050e+18,3.516975,3.472855,3.472855
91500,2998272000,8.494468e+18,3.516700,3.474341,3.474341
92000,3014656000,8.540886e+18,3.516354,3.467018,3.467018
92500,3031040000,8.587304e+18,3.508286,3.470295,3.470295
93000,3047424000,8.633722e+18,3.502573,3.465783,3.465783
93500,3063808000,8.680140e+18,3.521201,3.463968,3.463968
94000,3080192000,8.726558e+18,3.505598,3.459106,3.459106
94500,3096576000,8.772975e+18,3.509533,3.461225,3.461225
95000,3112960000,8.819393e+18,3.515992,3.461540,3.461540
95500,3129344000,8.865811e+18,3.503104,3.457248,3.457248
96000,3145728000,8.912229e+18,3.493296,3.457015,3.457015
96500,3162112000,8.958647e+18,3.494179,3.457280,3.457280
97000,3178496000,9.005065e+18,3.504901,3.447238,3.447238
97500,3194880000,9.051483e+18,3.502164,3.445272,3.445272
98000,3211264000,9.097900e+18,3.490189,3.446176,3.446176
98500,3227648000,9.144318e+18,3.489842,3.442869,3.442869
99000,3244032000,9.190736e+18,3.491312,3.442346,3.442346
99500,3260416000,9.237154e+18,3.487141,3.442306,3.442306
100000,3276800000,9.283572e+18,3.491577,3.441101,3.441101
100500,3293184000,9.329990e+18,3.489849,3.438271,3.438271
101000,3309568000,9.376408e+18,3.474860,3.434980,3.434980
101500,3325952000,9.422825e+18,3.490115,3.436517,3.436517
102000,3342336000,9.469243e+18,3.474536,3.436541,3.436541
102500,3358720000,9.515661e+18,3.473253,3.434409,3.434409
103000,3375104000,9.562079e+18,3.472043,3.427608,3.427608
103500,3391488000,9.608497e+18,3.477950,3.429820,3.429820
104000,3407872000,9.654915e+18,3.472242,3.428666,3.428666
104500,3424256000,9.701333e+18,3.473855,3.422276,3.422276
105000,3440640000,9.747750e+18,3.464941,3.422167,3.422167
105500,3457024000,9.794168e+18,3.474494,3.422529,3.422529
106000,3473408000,9.840586e+18,3.467151,3.422360,3.422360
106500,3489792000,9.887004e+18,3.466400,3.419790,3.419790
107000,3506176000,9.933422e+18,3.469728,3.416035,3.416035
107500,3522560000,9.979840e+18,3.477800,3.415504,3.415504
108000,3538944000,1.002626e+19,3.467010,3.410445,3.410445
108500,3555328000,1.007268e+19,3.467991,3.409783,3.409783
109000,3571712000,1.011909e+19,3.462826,3.408812,3.408812
109500,3588096000,1.016551e+19,3.467707,3.405563,3.405563
110000,3604480000,1.021193e+19,3.450631,3.406251,3.406251
110500,3620864000,1.025835e+19,3.455112,3.405713,3.405713
111000,3637248000,1.030476e+19,3.433409,3.399536,3.399536
111500,3653632000,1.035118e+19,3.449082,3.398949,3.398949
112000,3670016000,1.039760e+19,3.451175,3.398025,3.398025
112500,3686400000,1.044402e+19,3.453975,3.397251,3.397251
113000,3702784000,1.049044e+19,3.448305,3.395008,3.395008
113500,3719168000,1.053685e+19,3.443720,3.391371,3.391371
114000,3735552000,1.058327e+19,3.449614,3.390554,3.390554
114500,3751936000,1.062969e+19,3.438031,3.388300,3.388300
115000,3768320000,1.067611e+19,3.437600,3.381719,3.381719
115500,3784704000,1.072253e+19,3.443312,3.386547,3.386547
116000,3801088000,1.076894e+19,3.430007,3.383582,3.383582
116500,3817472000,1.081536e+19,3.430180,3.383057,3.383057
117000,3833856000,1.086178e+19,3.435660,3.381842,3.381842
117500,3850240000,1.090820e+19,3.431201,3.377204,3.377204
118000,3866624000,1.095461e+19,3.435879,3.376403,3.376403
118500,3883008000,1.100103e+19,3.423824,3.374793,3.374793
119000,3899392000,1.104745e+19,3.416641,3.374354,3.374354
119500,3915776000,1.109387e+19,3.415665,3.372968,3.372968
120000,3932160000,1.114029e+19,3.418625,3.371462,3.371462
120500,3948544000,1.118670e+19,3.415980,3.367488,3.367488
121000,3964928000,1.123312e+19,3.431418,3.367505,3.367505
121500,3981312000,1.127954e+19,3.407658,3.365993,3.365993
122000,3997696000,1.132596e+19,3.417459,3.363144,3.363144
122500,4014080000,1.137238e+19,3.413959,3.362217,3.362217
123000,4030464000,1.141879e+19,3.398831,3.360943,3.360943
123500,4046848000,1.146521e+19,3.410627,3.358787,3.358787
124000,4063232000,1.151163e+19,3.411549,3.355885,3.355885
124500,4079616000,1.155805e+19,3.401763,3.355694,3.355694
125000,4096000000,1.160446e+19,3.409806,3.355631,3.355631
125500,4112384000,1.165088e+19,3.396452,3.352034,3.352034
126000,4128768000,1.169730e+19,3.392583,3.349788,3.349788
126500,4145152000,1.174372e+19,3.402194,3.349137,3.349137
127000,4161536000,1.179014e+19,3.407687,3.348290,3.348290
127500,4177920000,1.183655e+19,3.404534,3.346331,3.346331
128000,4194304000,1.188297e+19,3.404712,3.345183,3.345183
128500,4210688000,1.192939e+19,3.394572,3.344513,3.344513
129000,4227072000,1.197581e+19,3.400949,3.341711,3.341711
129500,4243456000,1.202223e+19,3.395022,3.342006,3.342006
130000,4259840000,1.206864e+19,3.392155,3.338530,3.338530
130500,4276224000,1.211506e+19,3.390389,3.336459,3.336459
131000,4292608000,1.216148e+19,3.375386,3.338618,3.338618
131500,4308992000,1.220790e+19,3.387774,3.335026,3.335026
132000,4325376000,1.225431e+19,3.383215,3.332451,3.332451
132500,4341760000,1.230073e+19,3.393134,3.335132,3.335132
133000,4358144000,1.234715e+19,3.383992,3.334239,3.334239
133500,4374528000,1.239357e+19,3.388863,3.330732,3.330732
134000,4390912000,1.243999e+19,3.377712,3.328000,3.328000
134500,4407296000,1.248640e+19,3.379489,3.327636,3.327636
135000,4423680000,1.253282e+19,3.376996,3.327738,3.327738
135500,4440064000,1.257924e+19,3.374092,3.324881,3.324881
136000,4456448000,1.262566e+19,3.374829,3.324364,3.324364
136500,4472832000,1.267208e+19,3.367715,3.323742,3.323742
137000,4489216000,1.271849e+19,3.380248,3.319982,3.319982
137500,4505600000,1.276491e+19,3.354830,3.319757,3.319757
138000,4521984000,1.281133e+19,3.368083,3.318354,3.318354
138500,4538368000,1.285775e+19,3.376555,3.317947,3.317947
139000,4554752000,1.290416e+19,3.363517,3.315079,3.315079
139500,4571136000,1.295058e+19,3.357691,3.315905,3.315905
140000,4587520000,1.299700e+19,3.370881,3.314688,3.314688
140500,4603904000,1.304342e+19,3.381133,3.313018,3.313018
141000,4620288000,1.308984e+19,3.366565,3.312452,3.312452
141500,4636672000,1.313625e+19,3.369936,3.310620,3.310620
142000,4653056000,1.318267e+19,3.355644,3.308866,3.308866
142500,4669440000,1.322909e+19,3.339037,3.308016,3.308016
143000,4685824000,1.327551e+19,3.360237,3.306923,3.306923
143500,4702208000,1.332193e+19,3.362436,3.306806,3.306806
144000,4718592000,1.336834e+19,3.352701,3.304919,3.304919
144500,4734976000,1.341476e+19,3.355329,3.303921,3.303921
145000,4751360000,1.346118e+19,3.346710,3.303045,3.303045
145500,4767744000,1.350760e+19,3.349012,3.301063,3.301063
146000,4784128000,1.355401e+19,3.347649,3.302875,3.302875
146500,4800512000,1.360043e+19,3.347511,3.300172,3.300172
147000,4816896000,1.364685e+19,3.359261,3.298133,3.298133
147500,4833280000,1.369327e+19,3.342373,3.296106,3.296106
148000,4849664000,1.373969e+19,3.351165,3.295828,3.295828
148500,4866048000,1.378610e+19,3.345361,3.293551,3.293551
149000,4882432000,1.383252e+19,3.335463,3.292266,3.292266
149500,4898816000,1.387894e+19,3.340756,3.291588,3.291588
150000,4915200000,1.392536e+19,3.338136,3.288935,3.288935
150500,4931584000,1.397178e+19,3.344863,3.287857,3.287857
151000,4947968000,1.401819e+19,3.328144,3.286334,3.286334
151500,4964352000,1.406461e+19,3.328601,3.284486,3.284486
152000,4980736000,1.411103e+19,3.323595,3.283698,3.283698
152500,4997120000,1.415745e+19,3.320615,3.285449,3.285449
153000,5013504000,1.420386e+19,3.330221,3.282571,3.282571
153500,5029888000,1.425028e+19,3.321556,3.281062,3.281062
154000,5046272000,1.429670e+19,3.331112,3.278225,3.278225
154500,5062656000,1.434312e+19,3.319853,3.277906,3.277906
155000,5079040000,1.438954e+19,3.322567,3.276312,3.276312
155500,5095424000,1.443595e+19,3.324452,3.276542,3.276542
156000,5111808000,1.448237e+19,3.327375,3.276224,3.276224
156500,5128192000,1.452879e+19,3.322838,3.272794,3.272794
157000,5144576000,1.457521e+19,3.319745,3.272099,3.272099
157500,5160960000,1.462163e+19,3.329146,3.271279,3.271279
158000,5177344000,1.466804e+19,3.333097,3.270661,3.270661
158500,5193728000,1.471446e+19,3.316270,3.268078,3.268078
159000,5210112000,1.476088e+19,3.314713,3.267961,3.267961
159500,5226496000,1.480730e+19,3.310601,3.265682,3.265682
160000,5242880000,1.485371e+19,3.316759,3.265578,3.265578
160500,5259264000,1.490013e+19,3.318219,3.266357,3.266357
161000,5275648000,1.494655e+19,3.338346,3.264721,3.264721
161500,5292032000,1.499297e+19,3.317904,3.263069,3.263069
162000,5308416000,1.503939e+19,3.306166,3.262231,3.262231
162500,5324800000,1.508580e+19,3.307761,3.259561,3.259561
163000,5341184000,1.513222e+19,3.310407,3.259129,3.259129
163500,5357568000,1.517864e+19,3.313426,3.256976,3.256976
164000,5373952000,1.522506e+19,3.312628,3.257450,3.257450
164500,5390336000,1.527148e+19,3.296272,3.255202,3.255202
165000,5406720000,1.531789e+19,3.312293,3.254853,3.254853
165500,5423104000,1.536431e+19,3.300657,3.253319,3.253319
166000,5439488000,1.541073e+19,3.304248,3.253277,3.253277
166500,5455872000,1.545715e+19,3.312082,3.251203,3.251203
167000,5472256000,1.550356e+19,3.296052,3.250741,3.250741
167500,5488640000,1.554998e+19,3.303723,3.250269,3.250269
168000,5505024000,1.559640e+19,3.297256,3.249493,3.249493
168500,5521408000,1.564282e+19,3.294424,3.249523,3.249523
169000,5537792000,1.568924e+19,3.307216,3.247687,3.247687
169500,5554176000,1.573565e+19,3.291813,3.247706,3.247706
170000,5570560000,1.578207e+19,3.296334,3.245194,3.245194
170500,5586944000,1.582849e+19,3.293350,3.244933,3.244933
171000,5603328000,1.587491e+19,3.285444,3.243575,3.243575
171500,5619712000,1.592133e+19,3.294745,3.244068,3.244068
172000,5636096000,1.596774e+19,3.291516,3.242756,3.242756
172500,5652480000,1.601416e+19,3.286986,3.240552,3.240552
173000,5668864000,1.606058e+19,3.298144,3.239449,3.239449
173500,5685248000,1.610700e+19,3.278549,3.239389,3.239389
174000,5701632000,1.615341e+19,3.297889,3.237642,3.237642
174500,5718016000,1.619983e+19,3.284720,3.237387,3.237387
175000,5734400000,1.624625e+19,3.270316,3.234713,3.234713
175500,5750784000,1.629267e+19,3.282578,3.234563,3.234563
176000,5767168000,1.633909e+19,3.275520,3.234021,3.234021
176500,5783552000,1.638550e+19,3.296907,3.233128,3.233128
177000,5799936000,1.643192e+19,3.270957,3.233166,3.233166
177500,5816320000,1.647834e+19,3.275896,3.231315,3.231315
178000,5832704000,1.652476e+19,3.272515,3.229482,3.229482
178500,5849088000,1.657118e+19,3.278430,3.227666,3.227666
179000,5865472000,1.661759e+19,3.284616,3.227336,3.227336
179500,5881856000,1.666401e+19,3.265592,3.226650,3.226650
180000,5898240000,1.671043e+19,3.270696,3.225407,3.225407
180500,5914624000,1.675685e+19,3.281045,3.225061,3.225061
181000,5931008000,1.680326e+19,3.277691,3.224522,3.224522
181500,5947392000,1.684968e+19,3.275499,3.223766,3.223766
182000,5963776000,1.689610e+19,3.286623,3.222256,3.222256
182500,5980160000,1.694252e+19,3.266342,3.219798,3.219798
183000,5996544000,1.698894e+19,3.267012,3.219521,3.219521
183500,6012928000,1.703535e+19,3.272504,3.219163,3.219163
184000,6029312000,1.708177e+19,3.273425,3.217198,3.217198
184500,6045696000,1.712819e+19,3.270984,3.216729,3.216729
185000,6062080000,1.717461e+19,3.261999,3.216235,3.216235
185500,6078464000,1.722103e+19,3.254860,3.214590,3.214590
186000,6094848000,1.726744e+19,3.262461,3.214061,3.214061
186500,6111232000,1.731386e+19,3.272239,3.212671,3.212671
187000,6127616000,1.736028e+19,3.274879,3.211748,3.211748
187500,6144000000,1.740670e+19,3.259522,3.212714,3.212714
188000,6160384000,1.745312e+19,3.255111,3.209691,3.209691
188500,6176768000,1.749953e+19,3.257473,3.209834,3.209834
189000,6193152000,1.754595e+19,3.264706,3.208627,3.208627
189500,6209536000,1.759237e+19,3.255557,3.206662,3.206662
190000,6225920000,1.763879e+19,3.257330,3.205549,3.205549
190500,6242304000,1.768520e+19,3.256014,3.204889,3.204889
191000,6258688000,1.773162e+19,3.255931,3.202395,3.202395
191500,6275072000,1.777804e+19,3.248517,3.201911,3.201911
192000,6291456000,1.782446e+19,3.268045,3.202329,3.202329
192500,6307840000,1.787088e+19,3.265824,3.202271,3.202271
193000,6324224000,1.791729e+19,3.260715,3.199956,3.199956
193500,6340608000,1.796371e+19,3.256521,3.200341,3.200341
194000,6356992000,1.801013e+19,3.251831,3.198497,3.198497
194500,6373376000,1.805655e+19,3.240429,3.197465,3.197465
195000,6389760000,1.810297e+19,3.254232,3.197077,3.197077
195500,6406144000,1.814938e+19,3.236750,3.196289,3.196289
196000,6422528000,1.819580e+19,3.262298,3.195743,3.195743
196500,6438912000,1.824222e+19,3.252430,3.195074,3.195074
197000,6455296000,1.828864e+19,3.247319,3.193835,3.193835
197500,6471680000,1.833505e+19,3.265057,3.192834,3.192834
198000,6488064000,1.838147e+19,3.237972,3.191997,3.191997
198500,6504448000,1.842789e+19,3.248645,3.189638,3.189638
199000,6520832000,1.847431e+19,3.250628,3.187036,3.187036
199500,6537216000,1.852073e+19,3.231484,3.186612,3.186612
200000,6553600000,1.856714e+19,3.245782,3.185548,3.185548
200500,6569984000,1.861356e+19,3.245398,3.184741,3.184741
201000,6586368000,1.865998e+19,3.231078,3.182837,3.182837
201500,6602752000,1.870640e+19,3.234256,3.182965,3.182965
202000,6619136000,1.875282e+19,3.241061,3.182648,3.182648
202500,6635520000,1.879923e+19,3.224110,3.179459,3.179459
203000,6651904000,1.884565e+19,3.247232,3.180160,3.180160
203500,6668288000,1.889207e+19,3.221738,3.177219,3.177219
204000,6684672000,1.893849e+19,3.235186,3.177343,3.177343
204500,6701056000,1.898490e+19,3.243370,3.176557,3.176557
205000,6717440000,1.903132e+19,3.233776,3.176056,3.176056
205500,6733824000,1.907774e+19,3.229922,3.176474,3.176474
206000,6750208000,1.912416e+19,3.218682,3.176672,3.176672
206500,6766592000,1.917058e+19,3.230075,3.174181,3.174181
207000,6782976000,1.921699e+19,3.235362,3.174294,3.174294
207500,6799360000,1.926341e+19,3.216715,3.174131,3.174131
208000,6815744000,1.930983e+19,3.235980,3.172458,3.172458
208500,6832128000,1.935625e+19,3.207137,3.171656,3.171656
209000,6848512000,1.940267e+19,3.228676,3.171695,3.171695
209500,6864896000,1.944908e+19,3.220717,3.170745,3.170745
210000,6881280000,1.949550e+19,3.224744,3.170679,3.170679
210500,6897664000,1.954192e+19,3.219751,3.170629,3.170629
211000,6914048000,1.958834e+19,3.220451,3.170178,3.170178
211500,6930432000,1.963475e+19,3.221827,3.169217,3.169217
212000,6946816000,1.968117e+19,3.220468,3.167704,3.167704
212500,6963200000,1.972759e+19,3.210835,3.166260,3.166260
213000,6979584000,1.977401e+19,3.219196,3.165552,3.165552
213500,6995968000,1.982043e+19,3.224720,3.163338,3.163338
214000,7012352000,1.986684e+19,3.212507,3.164837,3.164837
214500,7028736000,1.991326e+19,3.217577,3.161739,3.161739
215000,7045120000,1.995968e+19,3.220228,3.162699,3.162699
215500,7061504000,2.000610e+19,3.221227,3.161126,3.161126
216000,7077888000,2.005252e+19,3.200886,3.160085,3.160085
216500,7094272000,2.009893e+19,3.217049,3.159301,3.159301
217000,7110656000,2.014535e+19,3.211642,3.157645,3.157645
217500,7127040000,2.019177e+19,3.203889,3.158291,3.158291
218000,7143424000,2.023819e+19,3.224145,3.162862,3.162862
218500,7159808000,2.028460e+19,3.218135,3.159846,3.159846
219000,7176192000,2.033102e+19,3.207776,3.155693,3.155693
219500,7192576000,2.037744e+19,3.209350,3.156639,3.156639
220000,7208960000,2.042386e+19,3.207294,3.155432,3.155432
220500,7225344000,2.047028e+19,3.207215,3.155503,3.155503
221000,7241728000,2.051669e+19,3.201709,3.154710,3.154710
221500,7258112000,2.056311e+19,3.201587,3.153226,3.153226
222000,7274496000,2.060953e+19,3.209406,3.152199,3.152199
222500,7290880000,2.065595e+19,3.207003,3.152349,3.152349
223000,7307264000,2.070237e+19,3.211541,3.153215,3.153215
223500,7323648000,2.074878e+19,3.198473,3.150845,3.150845
224000,7340032000,2.079520e+19,3.202592,3.149574,3.149574
224500,7356416000,2.084162e+19,3.209298,3.148276,3.148276
225000,7372800000,2.088804e+19,3.200664,3.145901,3.145901
225500,7389184000,2.093445e+19,3.195046,3.146567,3.146567
226000,7405568000,2.098087e+19,3.194001,3.144801,3.144801
226500,7421952000,2.102729e+19,3.199014,3.143367,3.143367
227000,7438336000,2.107371e+19,3.201998,3.142016,3.142016
227500,7454720000,2.112013e+19,3.204151,3.142968,3.142968
228000,7471104000,2.116654e+19,3.192781,3.142532,3.142532
228500,7487488000,2.121296e+19,3.198868,3.140926,3.140926
229000,7503872000,2.125938e+19,3.190011,3.141096,3.141096
229500,7520256000,2.130580e+19,3.189680,3.140212,3.140212
230000,7536640000,2.135222e+19,3.186727,3.140067,3.140067
230500,7553024000,2.139863e+19,3.200450,3.138753,3.138753
231000,7569408000,2.144505e+19,3.193348,3.137517,3.137517
231500,7585792000,2.149147e+19,3.173875,3.137913,3.137913
232000,7602176000,2.153789e+19,3.195420,3.136281,3.136281
232500,7618560000,2.158430e+19,3.194462,3.136686,3.136686
233000,7634944000,2.163072e+19,3.178387,3.135782,3.135782
233500,7651328000,2.167714e+19,3.181155,3.135892,3.135892
234000,7667712000,2.172356e+19,3.179319,3.133391,3.133391
234500,7684096000,2.176998e+19,3.205616,3.132486,3.132486
235000,7700480000,2.181639e+19,3.192783,3.133321,3.133321
235500,7716864000,2.186281e+19,3.184752,3.132441,3.132441
236000,7733248000,2.190923e+19,3.177783,3.133056,3.133056
236500,7749632000,2.195565e+19,3.188096,3.132143,3.132143
237000,7766016000,2.200207e+19,3.186511,3.130656,3.130656
237500,7782400000,2.204848e+19,3.185803,3.129938,3.129938
238000,7798784000,2.209490e+19,3.176908,3.130333,3.130333
238500,7815168000,2.214132e+19,3.182537,3.127920,3.127920
239000,7831552000,2.218774e+19,3.176142,3.128581,3.128581
239500,7847936000,2.223415e+19,3.172535,3.127141,3.127141
240000,7864320000,2.228057e+19,3.188090,3.127091,3.127091
240500,7880704000,2.232699e+19,3.181398,3.126024,3.126024
241000,7897088000,2.237341e+19,3.193709,3.124639,3.124639
241500,7913472000,2.241983e+19,3.183295,3.123933,3.123933
242000,7929856000,2.246624e+19,3.174164,3.124397,3.124397
242500,7946240000,2.251266e+19,3.175212,3.122933,3.122933
243000,7962624000,2.255908e+19,3.176528,3.122445,3.122445
243500,7979008000,2.260550e+19,3.172883,3.121882,3.121882
244000,7995392000,2.265192e+19,3.193821,3.121231,3.121231
244500,8011776000,2.269833e+19,3.169597,3.120852,3.120852
245000,8028160000,2.274475e+19,3.177715,3.120188,3.120188
245500,8044544000,2.279117e+19,3.163094,3.119082,3.119082
246000,8060928000,2.283759e+19,3.168250,3.119199,3.119199
246500,8077312000,2.288400e+19,3.182287,3.118447,3.118447
247000,8093696000,2.293042e+19,3.174995,3.117870,3.117870
247500,8110080000,2.297684e+19,3.177344,3.117076,3.117076
248000,8126464000,2.302326e+19,3.162409,3.116612,3.116612
248500,8142848000,2.306968e+19,3.153063,3.114479,3.114479
249000,8159232000,2.311609e+19,3.156185,3.114945,3.114945
249500,8175616000,2.316251e+19,3.175699,3.114606,3.114606
250000,8192000000,2.320893e+19,3.170426,3.113698,3.113698
250500,8208384000,2.325535e+19,3.178357,3.113048,3.113048
251000,8224768000,2.330177e+19,3.173422,3.111885,3.111885
251500,8241152000,2.334818e+19,3.163195,3.111954,3.111954
252000,8257536000,2.339460e+19,3.172433,3.111529,3.111529
252500,8273920000,2.344102e+19,3.158524,3.110581,3.110581
253000,8290304000,2.348744e+19,3.161192,3.110935,3.110935
253500,8306688000,2.353385e+19,3.165036,3.110805,3.110805
254000,8323072000,2.358027e+19,3.162087,3.110014,3.110014
254500,8339456000,2.362669e+19,3.164381,3.108793,3.108793
255000,8355840000,2.367311e+19,3.163340,3.108086,3.108086
255500,8372224000,2.371953e+19,3.176807,3.108083,3.108083
256000,8388608000,2.376594e+19,3.143251,3.107681,3.107681
256500,8404992000,2.381236e+19,3.176033,3.106663,3.106663
257000,8421376000,2.385878e+19,3.168458,3.106239,3.106239
257500,8437760000,2.390520e+19,3.148870,3.104704,3.104704
258000,8454144000,2.395162e+19,3.156497,3.104584,3.104584
258500,8470528000,2.399803e+19,3.167267,3.103797,3.103797
259000,8486912000,2.404445e+19,3.167716,3.103204,3.103204
259500,8503296000,2.409087e+19,3.155489,3.103539,3.103539
260000,8519680000,2.413729e+19,3.163438,3.102743,3.102743
260500,8536064000,2.418370e+19,3.155517,3.102287,3.102287
261000,8552448000,2.423012e+19,3.163824,3.102071,3.102071
261500,8568832000,2.427654e+19,3.165371,3.101454,3.101454
262000,8585216000,2.432296e+19,3.149209,3.101703,3.101703
262500,8601600000,2.436938e+19,3.153676,3.100242,3.100242
263000,8617984000,2.441579e+19,3.150092,3.100428,3.100428
263500,8634368000,2.446221e+19,3.158734,3.100738,3.100738
264000,8650752000,2.450863e+19,3.142401,3.099102,3.099102
264500,8667136000,2.455505e+19,3.148554,3.098899,3.098899
265000,8683520000,2.460147e+19,3.148004,3.098709,3.098709
265500,8699904000,2.464788e+19,3.142701,3.098903,3.098903
266000,8716288000,2.469430e+19,3.148099,3.097778,3.097778
266500,8732672000,2.474072e+19,3.156944,3.098677,3.098677
267000,8749056000,2.478714e+19,3.165463,3.098202,3.098202
267500,8765440000,2.483355e+19,3.147160,3.097080,3.097080
268000,8781824000,2.487997e+19,3.148034,3.096699,3.096699
268500,8798208000,2.492639e+19,3.154443,3.096841,3.096841
269000,8814592000,2.497281e+19,3.148054,3.096118,3.096118
269500,8830976000,2.501923e+19,3.150778,3.094710,3.094710
270000,8847360000,2.506564e+19,3.149957,3.094396,3.094396
270500,8863744000,2.511206e+19,3.131515,3.094839,3.094839
271000,8880128000,2.515848e+19,3.150980,3.094526,3.094526
271500,8896512000,2.520490e+19,3.151008,3.093524,3.093524
272000,8912896000,2.525132e+19,3.146491,3.093082,3.093082
272500,8929280000,2.529773e+19,3.159999,3.092221,3.092221
273000,8945664000,2.534415e+19,3.158772,3.091995,3.091995
273500,8962048000,2.539057e+19,3.143133,3.090960,3.090960
274000,8978432000,2.543699e+19,3.141821,3.091784,3.091784
274500,8994816000,2.548340e+19,3.137903,3.090337,3.090337
275000,9011200000,2.552982e+19,3.137870,3.090083,3.090083
275500,9027584000,2.557624e+19,3.143001,3.089757,3.089757
276000,9043968000,2.562266e+19,3.139238,3.090065,3.090065
276500,9060352000,2.566908e+19,3.142082,3.089346,3.089346
277000,9076736000,2.571549e+19,3.146951,3.088791,3.088791
277500,9093120000,2.576191e+19,3.126855,3.088974,3.088974
278000,9109504000,2.580833e+19,3.143199,3.088628,3.088628
278500,9125888000,2.585475e+19,3.131367,3.087465,3.087465
279000,9142272000,2.590117e+19,3.131889,3.087153,3.087153
279500,9158656000,2.594758e+19,3.137352,3.086965,3.086965
280000,9175040000,2.599400e+19,3.144093,3.085941,3.085941
280500,9191424000,2.604042e+19,3.143543,3.085305,3.085305
281000,9207808000,2.608684e+19,3.142285,3.086441,3.086441
281500,9224192000,2.613325e+19,3.149047,3.085811,3.085811
282000,9240576000,2.617967e+19,3.136340,3.085778,3.085778
282500,9256960000,2.622609e+19,3.125202,3.084885,3.084885
283000,9273344000,2.627251e+19,3.128949,3.084920,3.084920
283500,9289728000,2.631893e+19,3.146476,3.085016,3.085016
284000,9306112000,2.636534e+19,3.133551,3.084275,3.084275
284500,9322496000,2.641176e+19,3.121306,3.083089,3.083089
285000,9338880000,2.645818e+19,3.124554,3.083769,3.083769
285500,9355264000,2.650460e+19,3.131412,3.083138,3.083138
286000,9371648000,2.655102e+19,3.139054,3.082917,3.082917
286500,9388032000,2.659743e+19,3.147750,3.082551,3.082551
287000,9404416000,2.664385e+19,3.142687,3.082008,3.082008
287500,9420800000,2.669027e+19,3.142840,3.081703,3.081703
288000,9437184000,2.673669e+19,3.149328,3.081540,3.081540
288500,9453568000,2.678310e+19,3.141163,3.080520,3.080520
289000,9469952000,2.682952e+19,3.127353,3.080246,3.080246
289500,9486336000,2.687594e+19,3.125740,3.080442,3.080442
290000,9502720000,2.692236e+19,3.128503,3.080204,3.080204
290500,9519104000,2.696878e+19,3.125344,3.079943,3.079943
291000,9535488000,2.701519e+19,3.143347,3.079756,3.079756
291500,9551872000,2.706161e+19,3.132137,3.079048,3.079048
292000,9568256000,2.710803e+19,3.130671,3.078680,3.078680
292500,9584640000,2.715445e+19,3.133820,3.078196,3.078196
293000,9601024000,2.720087e+19,3.140388,3.078631,3.078631
293500,9617408000,2.724728e+19,3.127057,3.078329,3.078329
294000,9633792000,2.729370e+19,3.139803,3.077554,3.077554
294500,9650176000,2.734012e+19,3.126344,3.077791,3.077791
295000,9666560000,2.738654e+19,3.132538,3.077559,3.077559
295500,9682944000,2.743295e+19,3.121558,3.075648,3.075648
296000,9699328000,2.747937e+19,3.121507,3.076376,3.076376
296500,9715712000,2.752579e+19,3.126679,3.076261,3.076261
297000,9732096000,2.757221e+19,3.133928,3.076843,3.076843
297500,9748480000,2.761863e+19,3.135874,3.076711,3.076711
298000,9764864000,2.766504e+19,3.127594,3.076427,3.076427
298500,9781248000,2.771146e+19,3.140896,3.076227,3.076227
299000,9797632000,2.775788e+19,3.134898,3.074811,3.074811
299500,9814016000,2.780430e+19,3.131096,3.075055,3.075055
300000,9830400000,2.785072e+19,3.127578,3.074963,3.074963
300500,9846784000,2.789713e+19,3.125708,3.074184,3.074184
301000,9863168000,2.794355e+19,3.134837,3.074927,3.074927
301500,9879552000,2.798997e+19,3.122008,3.073651,3.073651
302000,9895936000,2.803639e+19,3.123670,3.073847,3.073847
302500,9912320000,2.808280e+19,3.137559,3.073999,3.073999
303000,9928704000,2.812922e+19,3.119673,3.073850,3.073850
303500,9945088000,2.817564e+19,3.112210,3.073566,3.073566
304000,9961472000,2.822206e+19,3.124532,3.073430,3.073430
304500,9977856000,2.826848e+19,3.126970,3.073452,3.073452
305000,9994240000,2.831489e+19,3.118122,3.073074,3.073074
305176,10000007168,2.833123e+19,3.118122,3.104582,3.104582
